Workbook

Sheet 30 ABRIL (JUEVES)
A2: =TODAY()-1 -> 46133
I4: Turno | K4: Jaq | M4: Smit | O4: 300 | Q4: Karl M
I5: 1ro. | K5: =U43 -> #DIV/0! | M5: =U61 -> #DIV/0! | O5: =U92 -> #DIV/0! | Q5: =U103 -> #DIV/0!
A7: RESUMEN DE EFICIENCIAS | I7: 2do. | K7: =U132 -> #DIV/0! | M7: =U150 -> #DIV/0! | O7: =U181 -> #DIV/0! | Q7: =U192 -> #DIV/0!
I9: 3er | K9: =+U221 -> #DIV/0! | M9: =+U239 -> #DIV/0! | O9: =+U270 -> #DIV/0! | Q9: =U281 -> #DIV/0!
I11: 4to. | K11: =+U310 -> 0 | M11: =+U328 -> 0 | O11: =+U359 -> 0 | Q11: =U343 -> 0
H13: Promedio | K13: =(K11+K9+K7+K5)/3 -> #DIV/0! | M13: =(M11+M9+M7+M5)/3 -> #DIV/0! | O13: =(O11+O9+O7+O5)/3 -> #DIV/0! | Q13: =(Q11+Q9+Q7+Q5)/3 -> #DIV/0!
A18: PRIMER TURNO PRIMER TURNO PRIMER TURNO
A19: 1 TURNO | B19: HORARIO: | K19: SUPERVISOR: | R19: DIA: | W19: FECHA:
A21: COMENTARIO DE PERSONAL
A25: F=FALTA, P=PERMISO, R=RETARDO, C=CASTIGO, I=INCAPACIDAD, V=VACACIONES, FL=FESTIVO LABORADO, FD=FESTIVO DESCANSADO, CL=CAMBIO DE LUGAR, B=BAJA, CT=CAMBIO DE TURNO
A27: Observaciones:
G30: Mínimo | H30: Máximo
A31: JACQUARD | B31: TEMPERATURA | G31: ='29 ABRIL (MIERCOLES)'!G31 -> 20 | H31: ='29 ABRIL (MIERCOLES)'!H31 -> 29 | Q31: =AVERAGE(K31,M31,O31) -> #DIV/0! | V31: =AVERAGE(S36:S41) -> 8.5
A32: SULZER | B32: HUMEDAD | G32: ='29 ABRIL (MIERCOLES)'!G32 -> 60 | H32: ='29 ABRIL (MIERCOLES)'!H32 -> 75 | Q32: =AVERAGE(K32,M32,O32) -> #DIV/0! | S32: MAQUINAS TRABAJANDO | V32: =COUNT(S36:S41) -> 6
K34: Marcador | M34: Marcador | O34: Marcas | S34: Horas | U34: Eficiencia | W34: Temp.
A35: Observaciones | B35: R | C35: P | D35: L | E35: tiempo | H35: vel | I35: telar | K35: Inicial | M35: Final | S35: 8.5
I36: 207 | K36: ='29 ABRIL (MIERCOLES)'!M36 -> 553941 | M36: =K36+O36 -> 553941 | S36: =+S35 -> 8.5 | U36: =O36/(H36*60*S36)*100000 -> #DIV/0!
I37: 208 | K37: ='29 ABRIL (MIERCOLES)'!M37 -> 617577 | M37: =K37+O37 -> 617577 | S37: =+S36 -> 8.5 | U37: =O37/(H37*60*S37)*100000 -> #DIV/0!
I38: 209 | K38: ='29 ABRIL (MIERCOLES)'!M38 -> 595396 | M38: =K38+O38 -> 595396 | S38: =+S37 -> 8.5 | U38: =O38/(H38*60*S38)*100000 -> #DIV/0!
I39: 210 | K39: ='29 ABRIL (MIERCOLES)'!M39 -> 682073.4 | M39: =K39+O39 -> 682073.4 | S39: =+S38 -> 8.5 | U39: =O39/(H39*60*S39)*100000 -> #DIV/0!
I40: 211 | K40: ='29 ABRIL (MIERCOLES)'!M40 -> 739209.5 | M40: =K40+O40 -> 739209.5 | S40: =+S39 -> 8.5 | U40: =O40/(H40*60*S40)*100000 -> #DIV/0!
I41: 212 | K41: ='29 ABRIL (MIERCOLES)'!M41 -> 0 | M41: =K41+O41 -> 0 | S41: =+S40 -> 8.5 | U41: =O41/(H41*60*S41)*100000 -> #DIV/0!
U43: =AVERAGE(U36:U41) -> #DIV/0! | W43: =AVERAGE(W36:W41) -> #DIV/0!
G45: Mínimo | H45: Máximo
A46: JACQUARD | B46: TEMPERATURA | G46: =$G$31 -> 20 | H46: =$H$31 -> 29 | Q46: =AVERAGE(K46,M46,O46) -> #DIV/0! | V46: =AVERAGE(S51:S59) -> 8.5
A47: SMIT | B47: HUMEDAD | G47: =$G$32 -> 60 | H47: =$H$32 -> 75 | Q47: =AVERAGE(K47,M47,O47) -> #DIV/0! | S47: MAQUINAS TRABAJANDO | V47: =COUNT(S51:S59) -> 9
K49: Marcador | M49: Marcador | O49: Marcas | S49: Horas | U49: Eficiencia | W49: Temp.
A50: Observaciones | B50: R | C50: P | D50: L | E50: tiempo | H50: vel | I50: telar | K50: Inicial | M50: Final | S50: 8.5
I51: 201 | K51: ='29 ABRIL (MIERCOLES)'!M51 -> 647180.6 | M51: =K51+O51 -> 647180.6 | S51: =+S50 -> 8.5 | U51: =O51/(H51*60*S51)*100000 -> #DIV/0!
I52: 202 | K52: ='29 ABRIL (MIERCOLES)'!M52 -> 753490.7 | M52: =K52+O52 -> 753490.7 | S52: =+S51 -> 8.5 | U52: =O52/(H52*60*S52)*100000 -> #DIV/0!
I53: 203 | K53: ='29 ABRIL (MIERCOLES)'!M53 -> 654637.8 | M53: =K53+O53 -> 654637.8 | S53: =+S52 -> 8.5 | U53: =O53/(H53*60*S53)*100000 -> #DIV/0!
I54: 204 | K54: ='29 ABRIL (MIERCOLES)'!M54 -> 662768.7 | M54: =K54+O54 -> 662768.7 | S54: =+S53 -> 8.5 | U54: =O54/(H54*60*S54)*100000 -> #DIV/0!
I55: 205 | K55: ='29 ABRIL (MIERCOLES)'!M55 -> 647848.7 | M55: =K55+O55 -> 647848.7 | S55: =+S54 -> 8.5 | U55: =O55/(H55*60*S55)*100000 -> #DIV/0!
I56: 206 | K56: ='29 ABRIL (MIERCOLES)'!M56 -> 677636.3 | M56: =K56+O56 -> 677636.3 | S56: =+S55 -> 8.5 | U56: =O56/(H56*60*S56)*100000 -> #DIV/0!
I57: 213 | K57: ='29 ABRIL (MIERCOLES)'!M57 -> 633388.9 | M57: =K57+O57 -> 633388.9 | S57: =+S56 -> 8.5 | U57: =O57/(H57*60*S57)*100000 -> #DIV/0!
I58: 214 | K58: ='29 ABRIL (MIERCOLES)'!M58 -> 657550.9 | M58: =K58+O58 -> 657550.9 | S58: =+S57 -> 8.5 | U58: =O58/(H58*60*S58)*100000 -> #DIV/0!
I59: 215 | K59: ='29 ABRIL (MIERCOLES)'!M59 -> 694890.2 | M59: =K59+O59 -> 694890.2 | S59: =+S58 -> 8.5 | U59: =O59/(H59*60*S59)*100000 -> #DIV/0!
U61: =AVERAGE(U51:U59) -> #DIV/0! | W61: =AVERAGE(W51:W58) -> #DIV/0!
G63: Mínimo | H63: Máximo
A64: SMIT LISO | B64: TEMPERATURA | G64: =$G$31 -> 20 | H64: =$H$31 -> 29 | Q64: =AVERAGE(K64,M64,O64) -> #DIV/0! | V64: =AVERAGE(S69:S90) -> 8.5
A65: 300 | B65: HUMEDAD | G65: =$G$32 -> 60 | H65: =$H$32 -> 75 | Q65: =AVERAGE(K65,M65,O65) -> #DIV/0! | S65: MAQUINAS TRABAJANDO | V65: =COUNT(S69:S90) -> 22
K67: Marcador | M67: Marcador | O67: Marcas | S67: Horas | U67: Eficiencia
A68: Observaciones | B68: R | C68: P | D68: L | E68: tiempo | H68: vel | I68: telar | K68: Inicial | M68: Final | S68: 8.5
I69: 299 | K69: ='29 ABRIL (MIERCOLES)'!M69 -> 388771.3 | M69: =K69+O69 -> 388771.3 | S69: =+S68 -> 8.5 | U69: =O69/(H69*60*S69)*100000 -> #DIV/0!
I70: 300 | K70: ='29 ABRIL (MIERCOLES)'!M70 -> 370420.9 | M70: =K70+O70 -> 370420.9 | S70: =+S69 -> 8.5 | U70: =O70/(H70*60*S70)*100000 -> #DIV/0!
I71: 301 | K71: ='29 ABRIL (MIERCOLES)'!M71 -> 403845 | M71: =K71+O71 -> 403845 | S71: =+S70 -> 8.5 | U71: =O71/(H71*60*S71)*100000 -> #DIV/0!
I72: 302 | K72: ='29 ABRIL (MIERCOLES)'!M72 -> 407494 | M72: =K72+O72 -> 407494 | S72: =+S71 -> 8.5 | U72: =O72/(H72*60*S72)*100000 -> #DIV/0!
I73: 303 | K73: ='29 ABRIL (MIERCOLES)'!M73 -> 407526.5 | M73: =K73+O73 -> 407526.5 | S73: =+S72 -> 8.5 | U73: =O73/(H73*60*S73)*100000 -> #DIV/0!
I74: 304 | K74: ='29 ABRIL (MIERCOLES)'!M74 -> 414575 | M74: =K74+O74 -> 414575 | S74: =+S73 -> 8.5 | U74: =O74/(H74*60*S74)*100000 -> #DIV/0!
I75: 305 | K75: ='29 ABRIL (MIERCOLES)'!M75 -> 679975.4 | M75: =K75+O75 -> 679975.4 | S75: =+S74 -> 8.5 | U75: =O75/(H75*60*S75)*100000 -> #DIV/0!
I76: 306 | K76: ='29 ABRIL (MIERCOLES)'!M76 -> 646926.8 | M76: =K76+O76 -> 646926.8 | S76: =+S75 -> 8.5 | U76: =O76/(H76*60*S76)*100000 -> #DIV/0!
I77: 307 | K77: ='29 ABRIL (MIERCOLES)'!M77 -> 712585.1 | M77: =K77+O77 -> 712585.1 | S77: =+S76 -> 8.5 | U77: =O77/(H77*60*S77)*100000 -> #DIV/0!
I78: 308 | K78: ='29 ABRIL (MIERCOLES)'!M78 -> 671547.5 | M78: =K78+O78 -> 671547.5 | S78: =+S77 -> 8.5 | U78: =O78/(H78*60*S78)*100000 -> #DIV/0!
I79: 309 | K79: ='29 ABRIL (MIERCOLES)'!M79 -> 671095.4 | M79: =K79+O79 -> 671095.4 | S79: =+S78 -> 8.5 | U79: =O79/(H79*60*S79)*100000 -> #DIV/0!
I80: 310 | K80: ='29 ABRIL (MIERCOLES)'!M80 -> 635836.8 | M80: =K80+O80 -> 635836.8 | S80: =+S79 -> 8.5 | U80: =O80/(H80*60*S80)*100000 -> #DIV/0!
... I90: 320 | K90: ='29 ABRIL (MIERCOLES)'!M90 -> 389267.3 | M90: =K90+O90 -> 389267.3 | S90: =+S89 -> 8.5 | U90: =O90/(H90*60*S90)*100000 -> #DIV/0!
U92: =AVERAGE(U69:U90) -> #DIV/0!
G94: Mínimo | H94: Máximo
A95: KARL | B95: TEMPERATURA | G95: =$G$31 -> 20 | H95: =$H$31 -> 29 | Q95: =AVERAGE(K95,M95,O95) -> #DIV/0! | V95: =AVERAGE(S100:S101) -> 8.5
A96: MAYER | B96: HUMEDAD | G96: =$G$32 -> 60 | H96: =$H$32 -> 75 | Q96: =AVERAGE(K96,M96,O96) -> #DIV/0! | S96: MAQUINAS TRABAJANDO | V96: =COUNT(S100:S101) -> 2
K98: Marcador | M98: Marcador | O98: Marcas | S98: Horas | U98: Eficiencia
A99: Observaciones | B99: R | C99: P | D99: L | E99: tiempo | H99: vel | I99: telar | K99: Inicial | M99: Final | S99: 8.5
I100: 401 | K100: ='29 ABRIL (MIERCOLES)'!M100 -> 0 | M100: =K100+O100 -> 0 | S100: =+S99 -> 8.5 | U100: =O100/(H100*60*S100)*100000 -> #DIV/0!
I101: 402 | K101: ='29 ABRIL (MIERCOLES)'!M101 -> 0 | M101: =K101+O101 -> 0 | S101: =+S99 -> 8.5 | U101: =O101/(H101*60*S101)*100000 -> #DIV/0!
U103: =AVERAGE(U100:U101) -> #DIV/0!
A107: SEGUNDO TURNO SEGUNDO TURNO SEGUNDO TURNO
A108: 2 TURNO | B108: HORARIO: | K108: SUPERVISOR: | R108: DIA: | W108: FECHA:
A110: COMENTARIO DE PERSONAL
A114: F=FALTA, P=PERMISO, R=RETARDO, C=CASTIGO, I=INCAPACIDAD, V=VACACIONES, FL=FESTIVO LABORADO, FD=FESTIVO DESCANSADO, CL=CAMBIO DE LUGAR, B=BAJA, CT=CAMBIO DE TURNO
A116: Observaciones:
G119: Mínimo | H119: Máximo
A120: JACQUARD | B120: TEMPERATURA | G120: =$G$31 -> 20 | H120: =$H$31 -> 29 | Q120: =AVERAGE(K120,M120,O120) -> #DIV/0! | V120: =AVERAGE(S125:S130) -> 7
A121: SULZER | B121: HUMEDAD | G121: =$G$32 -> 60 | H121: =$H$32 -> 75 | Q121: =AVERAGE(K121,M121,O121) -> #DIV/0! | S121: MAQUINAS TRABAJANDO | V121: =COUNT(S125:S130) -> 6
K123: Marcador | M123: Marcador | O123: Marcas | S123: Horas | U123: Eficiencia | W123: Temp.
A124: Observaciones | B124: R | C124: P | D124: L | E124: tiempo | H124: vel | I124: telar | K124: Inicial | M124: Final | S124: 7
I125: 207 | K125: ='29 ABRIL (MIERCOLES)'!M125 -> 488245.4 | M125: =K125+O125 -> 488245.4 | S125: =+S124 -> 7 | U125: =O125/(H125*60*S125)*100000 -> #DIV/0!
I126: 208 | K126: ='29 ABRIL (MIERCOLES)'!M126 -> 549507.6 | M126: =K126+O126 -> 549507.6 | S126: =+S125 -> 7 | U126: =O126/(H126*60*S126)*100000 -> #DIV/0!
I127: 209 | K127: ='29 ABRIL (MIERCOLES)'!M127 -> 526282.4 | M127: =K127+O127 -> 526282.4 | S127: =+S126 -> 7 | U127: =O127/(H127*60*S127)*100000 -> #DIV/0!
I128: 210 | K128: ='29 ABRIL (MIERCOLES)'!M128 -> 604214 | M128: =K128+O128 -> 604214 | S128: =+S127 -> 7 | U128: =O128/(H128*60*S128)*100000 -> #DIV/0!
I129: 211 | K129: ='29 ABRIL (MIERCOLES)'!M129 -> 650429 | M129: =K129+O129 -> 650429 | S129: =+S128 -> 7 | U129: =O129/(H129*60*S129)*100000 -> #DIV/0!
I130: 212 | K130: ='29 ABRIL (MIERCOLES)'!M130 -> 0 | M130: =K130+O130 -> 0 | S130: =+S129 -> 7 | U130: =O130/(H130*60*S130)*100000 -> #DIV/0!
U132: =AVERAGE(U125:U130) -> #DIV/0! | W132: =AVERAGE(W125:W130) -> #DIV/0!
G134: Mínimo | H134: Máximo
A135: JACQUARD | B135: TEMPERATURA | G135: =$G$31 -> 20 | H135: =$H$31 -> 29 | Q135: =AVERAGE(K135,M135,O135) -> #DIV/0! | V135: =AVERAGE(S140:S148) -> 7
A136: SMIT | B136: HUMEDAD | G136: =$G$32 -> 60 | H136: =$H$32 -> 75 | Q136: =AVERAGE(K136,M136,O136) -> #DIV/0! | S136: MAQUINAS TRABAJANDO | V136: =COUNT(S140:S148) -> 9
K138: Marcador | M138: Marcador | O138: Marcas | S138: Horas | U138: Eficiencia | W138: Temp.
A139: Observaciones | B139: R | C139: P | D139: L | E139: tiempo | H139: vel | I139: telar | K139: Inicial | M139: Final | S139: 7
I140: 201 | K140: ='29 ABRIL (MIERCOLES)'!M140 -> 566234.3 | M140: =K140+O140 -> 566234.3 | S140: =+S139 -> 7 | U140: =O140/(H140*60*S140)*100000 -> #DIV/0!
I141: 202 | K141: ='29 ABRIL (MIERCOLES)'!M141 -> 656588.2 | M141: =K141+O141 -> 656588.2 | S141: =+S140 -> 7 | U141: =O141/(H141*60*S141)*100000 -> #DIV/0!
I142: 203 | K142: ='29 ABRIL (MIERCOLES)'!M142 -> 566883.3 | M142: =K142+O142 -> 566883.3 | S142: =+S141 -> 7 | U142: =O142/(H142*60*S142)*100000 -> #DIV/0!
I143: 204 | K143: ='29 ABRIL (MIERCOLES)'!M143 -> 575772.8 | M143: =K143+O143 -> 575772.8 | S143: =+S142 -> 7 | U143: =O143/(H143*60*S143)*100000 -> #DIV/0!
I144: 205 | K144: ='29 ABRIL (MIERCOLES)'!M144 -> 571272.3 | M144: =K144+O144 -> 571272.3 | S144: =+S143 -> 7 | U144: =O144/(H144*60*S144)*100000 -> #DIV/0!
I145: 206 | K145: ='29 ABRIL (MIERCOLES)'!M145 -> 602026 | M145: =K145+O145 -> 602026 | S145: =+S144 -> 7 | U145: =O145/(H145*60*S145)*100000 -> #DIV/0!
I146: 213 | K146: ='29 ABRIL (MIERCOLES)'!M146 -> 556791.34 | M146: =K146+O146 -> 556791.34 | S146: =+S145 -> 7 | U146: =O146/(H146*60*S146)*100000 -> #DIV/0!
I147: 214 | K147: ='29 ABRIL (MIERCOLES)'!M147 -> 574556.6 | M147: =K147+O147 -> 574556.6 | S147: =+S146 -> 7 | U147: =O147/(H147*60*S147)*100000 -> #DIV/0!
I148: 215 | K148: ='29 ABRIL (MIERCOLES)'!M148 -> 611004.4 | M148: =K148+O148 -> 611004.4 | S148: =+S147 -> 7 | U148: =O148/(H148*60*S148)*100000 -> #DIV/0!
U150: =AVERAGE(U140:U148) -> #DIV/0! | W150: =AVERAGE(W140:W147) -> #DIV/0!
G152: Mínimo | H152: Máximo
A153: SMIT LISO | B153: TEMPERATURA | G153: =$G$31 -> 20 | H153: =$H$31 -> 29 | Q153: =AVERAGE(K153,M153,O153) -> #DIV/0! | V153: =AVERAGE(S158:S179) -> 7
...

Sheet 29 ABRIL (MIERCOLES)
A2: =TODAY()-1 -> 46133
I4: Turno | K4: Jaq | M4: Smit | O4: 300 | Q4: Karl M
I5: 1ro. | K5: =U43 -> #DIV/0! | M5: =U61 -> #DIV/0! | O5: =U92 -> #DIV/0! | Q5: =U103 -> #DIV/0!
A7: RESUMEN DE EFICIENCIAS | I7: 2do. | K7: =U132 -> #DIV/0! | M7: =U150 -> #DIV/0! | O7: =U181 -> #DIV/0! | Q7: =U192 -> #DIV/0!
I9: 3er | K9: =+U221 -> #DIV/0! | M9: =+U239 -> #DIV/0! | O9: =+U270 -> #DIV/0! | Q9: =U281 -> #DIV/0!
I11: 4to. | K11: =+U310 -> 0 | M11: =+U328 -> 0 | O11: =+U359 -> 0 | Q11: =U343 -> 0
H13: Promedio | K13: =(K11+K9+K7+K5)/3 -> #DIV/0! | M13: =(M11+M9+M7+M5)/3 -> #DIV/0! | O13: =(O11+O9+O7+O5)/3 -> #DIV/0! | Q13: =(Q11+Q9+Q7+Q5)/3 -> #DIV/0!
A18: PRIMER TURNO PRIMER TURNO PRIMER TURNO
A19: 1 TURNO | B19: HORARIO: | K19: SUPERVISOR: | R19: DIA: | W19: FECHA:
A21: COMENTARIO DE PERSONAL
A25: F=FALTA, P=PERMISO, R=RETARDO, C=CASTIGO, I=INCAPACIDAD, V=VACACIONES, FL=FESTIVO LABORADO, FD=FESTIVO DESCANSADO, CL=CAMBIO DE LUGAR, B=BAJA, CT=CAMBIO DE TURNO
A27: Observaciones:
G30: Mínimo | H30: Máximo
A31: JACQUARD | B31: TEMPERATURA | G31: ='28 ABRIL (MARTES)'!G31 -> 20 | H31: ='28 ABRIL (MARTES)'!H31 -> 29 | Q31: =AVERAGE(K31,M31,O31) -> #DIV/0! | V31: =AVERAGE(S36:S41) -> 8.5
A32: SULZER | B32: HUMEDAD | G32: ='28 ABRIL (MARTES)'!G32 -> 60 | H32: ='28 ABRIL (MARTES)'!H32 -> 75 | Q32: =AVERAGE(K32,M32,O32) -> #DIV/0! | S32: MAQUINAS TRABAJANDO | V32: =COUNT(S36:S41) -> 6
K34: Marcador | M34: Marcador | O34: Marcas | S34: Horas | U34: Eficiencia | W34: Temp.
A35: Observaciones | B35: R | C35: P | D35: L | E35: tiempo | H35: vel | I35: telar | K35: Inicial | M35: Final | S35: 8.5
I36: 207 | K36: ='28 ABRIL (MARTES)'!M36 -> 553941 | M36: =K36+O36 -> 553941 | S36: =+S35 -> 8.5 | U36: =O36/(H36*60*S36)*100000 -> #DIV/0!
I37: 208 | K37: ='28 ABRIL (MARTES)'!M37 -> 617577 | M37: =K37+O37 -> 617577 | S37: =+S36 -> 8.5 | U37: =O37/(H37*60*S37)*100000 -> #DIV/0!
I38: 209 | K38: ='28 ABRIL (MARTES)'!M38 -> 595396 | M38: =K38+O38 -> 595396 | S38: =+S37 -> 8.5 | U38: =O38/(H38*60*S38)*100000 -> #DIV/0!
I39: 210 | K39: ='28 ABRIL (MARTES)'!M39 -> 682073.4 | M39: =K39+O39 -> 682073.4 | S39: =+S38 -> 8.5 | U39: =O39/(H39*60*S39)*100000 -> #DIV/0!
I40: 211 | K40: ='28 ABRIL (MARTES)'!M40 -> 739209.5 | M40: =K40+O40 -> 739209.5 | S40: =+S39 -> 8.5 | U40: =O40/(H40*60*S40)*100000 -> #DIV/0!
I41: 212 | K41: ='28 ABRIL (MARTES)'!M41 -> 0 | M41: =K41+O41 -> 0 | S41: =+S40 -> 8.5 | U41: =O41/(H41*60*S41)*100000 -> #DIV/0!
U43: =AVERAGE(U36:U41) -> #DIV/0! | W43: =AVERAGE(W36:W41) -> #DIV/0!
G45: Mínimo | H45: Máximo
A46: JACQUARD | B46: TEMPERATURA | G46: =$G$31 -> 20 | H46: =$H$31 -> 29 | Q46: =AVERAGE(K46,M46,O46) -> #DIV/0! | V46: =AVERAGE(S51:S59) -> 8.5
A47: SMIT | B47: HUMEDAD | G47: =$G$32 -> 60 | H47: =$H$32 -> 75 | Q47: =AVERAGE(K47,M47,O47) -> #DIV/0! | S47: MAQUINAS TRABAJANDO | V47: =COUNT(S51:S59) -> 9
K49: Marcador | M49: Marcador | O49: Marcas | S49: Horas | U49: Eficiencia | W49: Temp.
A50: Observaciones | B50: R | C50: P | D50: L | E50: tiempo | H50: vel | I50: telar | K50: Inicial | M50: Final | S50: 8.5
I51: 201 | K51: ='28 ABRIL (MARTES)'!M51 -> 647180.6 | M51: =K51+O51 -> 647180.6 | S51: =+S50 -> 8.5 | U51: =O51/(H51*60*S51)*100000 -> #DIV/0!
I52: 202 | K52: ='28 ABRIL (MARTES)'!M52 -> 753490.7 | M52: =K52+O52 -> 753490.7 | S52: =+S51 -> 8.5 | U52: =O52/(H52*60*S52)*100000 -> #DIV/0!
I53: 203 | K53: ='28 ABRIL (MARTES)'!M53 -> 654637.8 | M53: =K53+O53 -> 654637.8 | S53: =+S52 -> 8.5 | U53: =O53/(H53*60*S53)*100000 -> #DIV/0!
I54: 204 | K54: ='28 ABRIL (MARTES)'!M54 -> 662768.7 | M54: =K54+O54 -> 662768.7 | S54: =+S53 -> 8.5 | U54: =O54/(H54*60*S54)*100000 -> #DIV/0!
I55: 205 | K55: ='28 ABRIL (MARTES)'!M55 -> 647848.7 | M55: =K55+O55 -> 647848.7 | S55: =+S54 -> 8.5 | U55: =O55/(H55*60*S55)*100000 -> #DIV/0!
I56: 206 | K56: ='28 ABRIL (MARTES)'!M56 -> 677636.3 | M56: =K56+O56 -> 677636.3 | S56: =+S55 -> 8.5 | U56: =O56/(H56*60*S56)*100000 -> #DIV/0!
I57: 213 | K57: ='28 ABRIL (MARTES)'!M57 -> 633388.9 | M57: =K57+O57 -> 633388.9 | S57: =+S56 -> 8.5 | U57: =O57/(H57*60*S57)*100000 -> #DIV/0!
I58: 214 | K58: ='28 ABRIL (MARTES)'!M58 -> 657550.9 | M58: =K58+O58 -> 657550.9 | S58: =+S57 -> 8.5 | U58: =O58/(H58*60*S58)*100000 -> #DIV/0!
I59: 215 | K59: ='28 ABRIL (MARTES)'!M59 -> 694890.2 | M59: =K59+O59 -> 694890.2 | S59: =+S58 -> 8.5 | U59: =O59/(H59*60*S59)*100000 -> #DIV/0!
U61: =AVERAGE(U51:U59) -> #DIV/0! | W61: =AVERAGE(W51:W58) -> #DIV/0!
G63: Mínimo | H63: Máximo
A64: SMIT LISO | B64: TEMPERATURA | G64: =$G$31 -> 20 | H64: =$H$31 -> 29 | Q64: =AVERAGE(K64,M64,O64) -> #DIV/0! | V64: =AVERAGE(S69:S90) -> 8.5
A65: 300 | B65: HUMEDAD | G65: =$G$32 -> 60 | H65: =$H$32 -> 75 | Q65: =AVERAGE(K65,M65,O65) -> #DIV/0! | S65: MAQUINAS TRABAJANDO | V65: =COUNT(S69:S90) -> 22
K67: Marcador | M67: Marcador | O67: Marcas | S67: Horas | U67: Eficiencia
A68: Observaciones | B68: R | C68: P | D68: L | E68: tiempo | H68: vel | I68: telar | K68: Inicial | M68: Final | S68: 8.5
I69: 299 | K69: ='28 ABRIL (MARTES)'!M69 -> 388771.3 | M69: =K69+O69 -> 388771.3 | S69: =+S68 -> 8.5 | U69: =O69/(H69*60*S69)*100000 -> #DIV/0!
I70: 300 | K70: ='28 ABRIL (MARTES)'!M70 -> 370420.9 | M70: =K70+O70 -> 370420.9 | S70: =+S69 -> 8.5 | U70: =O70/(H70*60*S70)*100000 -> #DIV/0!
I71: 301 | K71: ='28 ABRIL (MARTES)'!M71 -> 403845 | M71: =K71+O71 -> 403845 | S71: =+S70 -> 8.5 | U71: =O71/(H71*60*S71)*100000 -> #DIV/0!
I72: 302 | K72: ='28 ABRIL (MARTES)'!M72 -> 407494 | M72: =K72+O72 -> 407494 | S72: =+S71 -> 8.5 | U72: =O72/(H72*60*S72)*100000 -> #DIV/0!
I73: 303 | K73: ='28 ABRIL (MARTES)'!M73 -> 407526.5 | M73: =K73+O73 -> 407526.5 | S73: =+S72 -> 8.5 | U73: =O73/(H73*60*S73)*100000 -> #DIV/0!
I74: 304 | K74: ='28 ABRIL (MARTES)'!M74 -> 414575 | M74: =K74+O74 -> 414575 | S74: =+S73 -> 8.5 | U74: =O74/(H74*60*S74)*100000 -> #DIV/0!
I75: 305 | K75: ='28 ABRIL (MARTES)'!M75 -> 679975.4 | M75: =K75+O75 -> 679975.4 | S75: =+S74 -> 8.5 | U75: =O75/(H75*60*S75)*100000 -> #DIV/0!
I76: 306 | K76: ='28 ABRIL (MARTES)'!M76 -> 646926.8 | M76: =K76+O76 -> 646926.8 | S76: =+S75 -> 8.5 | U76: =O76/(H76*60*S76)*100000 -> #DIV/0!
I77: 307 | K77: ='28 ABRIL (MARTES)'!M77 -> 712585.1 | M77: =K77+O77 -> 712585.1 | S77: =+S76 -> 8.5 | U77: =O77/(H77*60*S77)*100000 -> #DIV/0!
I78: 308 | K78: ='28 ABRIL (MARTES)'!M78 -> 671547.5 | M78: =K78+O78 -> 671547.5 | S78: =+S77 -> 8.5 | U78: =O78/(H78*60*S78)*100000 -> #DIV/0!
I79: 309 | K79: ='28 ABRIL (MARTES)'!M79 -> 671095.4 | M79: =K79+O79 -> 671095.4 | S79: =+S78 -> 8.5 | U79: =O79/(H79*60*S79)*100000 -> #DIV/0!
I80: 310 | K80: ='28 ABRIL (MARTES)'!M80 -> 635836.8 | M80: =K80+O80 -> 635836.8 | S80: =+S79 -> 8.5 | U80: =O80/(H80*60*S80)*100000 -> #DIV/0!
... I90: 320 | K90: ='28 ABRIL (MARTES)'!M90 -> 389267.3 | M90: =K90+O90 -> 389267.3 | S90: =+S89 -> 8.5 | U90: =O90/(H90*60*S90)*100000 -> #DIV/0!
U92: =AVERAGE(U69:U90) -> #DIV/0!
G94: Mínimo | H94: Máximo
A95: KARL | B95: TEMPERATURA | G95: =$G$31 -> 20 | H95: =$H$31 -> 29 | Q95: =AVERAGE(K95,M95,O95) -> #DIV/0! | V95: =AVERAGE(S100:S101) -> 8.5
A96: MAYER | B96: HUMEDAD | G96: =$G$32 -> 60 | H96: =$H$32 -> 75 | Q96: =AVERAGE(K96,M96,O96) -> #DIV/0! | S96: MAQUINAS TRABAJANDO | V96: =COUNT(S100:S101) -> 2
K98: Marcador | M98: Marcador | O98: Marcas | S98: Horas | U98: Eficiencia
A99: Observaciones | B99: R | C99: P | D99: L | E99: tiempo | H99: vel | I99: telar | K99: Inicial | M99: Final | S99: 8.5
I100: 401 | K100: ='28 ABRIL (MARTES)'!M100 -> 0 | M100: =K100+O100 -> 0 | S100: =+S99 -> 8.5 | U100: =O100/(H100*60*S100)*100000 -> #DIV/0!
I101: 402 | K101: ='28 ABRIL (MARTES)'!M101 -> 0 | M101: =K101+O101 -> 0 | S101: =+S99 -> 8.5 | U101: =O101/(H101*60*S101)*100000 -> #DIV/0!
U103: =AVERAGE(U100:U101) -> #DIV/0!
A107: SEGUNDO TURNO SEGUNDO TURNO SEGUNDO TURNO
A108: 2 TURNO | B108: HORARIO: | K108: SUPERVISOR: | R108: DIA: | W108: FECHA:
A110: COMENTARIO DE PERSONAL
A114: F=FALTA, P=PERMISO, R=RETARDO, C=CASTIGO, I=INCAPACIDAD, V=VACACIONES, FL=FESTIVO LABORADO, FD=FESTIVO DESCANSADO, CL=CAMBIO DE LUGAR, B=BAJA, CT=CAMBIO DE TURNO
A116: Observaciones:
G119: Mínimo | H119: Máximo
A120: JACQUARD | B120: TEMPERATURA | G120: =$G$31 -> 20 | H120: =$H$31 -> 29 | Q120: =AVERAGE(K120,M120,O120) -> #DIV/0! | V120: =AVERAGE(S125:S130) -> 7
A121: SULZER | B121: HUMEDAD | G121: =$G$32 -> 60 | H121: =$H$32 -> 75 | Q121: =AVERAGE(K121,M121,O121) -> #DIV/0! | S121: MAQUINAS TRABAJANDO | V121: =COUNT(S125:S130) -> 6
K123: Marcador | M123: Marcador | O123: Marcas | S123: Horas | U123: Eficiencia | W123: Temp.
A124: Observaciones | B124: R | C124: P | D124: L | E124: tiempo | H124: vel | I124: telar | K124: Inicial | M124: Final | S124: 7
I125: 207 | K125: ='28 ABRIL (MARTES)'!M125 -> 488245.4 | M125: =K125+O125 -> 488245.4 | S125: =+S124 -> 7 | U125: =O125/(H125*60*S125)*100000 -> #DIV/0!
I126: 208 | K126: ='28 ABRIL (MARTES)'!M126 -> 549507.6 | M126: =K126+O126 -> 549507.6 | S126: =+S125 -> 7 | U126: =O126/(H126*60*S126)*100000 -> #DIV/0!
I127: 209 | K127: ='28 ABRIL (MARTES)'!M127 -> 526282.4 | M127: =K127+O127 -> 526282.4 | S127: =+S126 -> 7 | U127: =O127/(H127*60*S127)*100000 -> #DIV/0!
I128: 210 | K128: ='28 ABRIL (MARTES)'!M128 -> 604214 | M128: =K128+O128 -> 604214 | S128: =+S127 -> 7 | U128: =O128/(H128*60*S128)*100000 -> #DIV/0!
I129: 211 | K129: ='28 ABRIL (MARTES)'!M129 -> 650429 | M129: =K129+O129 -> 650429 | S129: =+S128 -> 7 | U129: =O129/(H129*60*S129)*100000 -> #DIV/0!
I130: 212 | K130: ='28 ABRIL (MARTES)'!M130 -> 0 | M130: =K130+O130 -> 0 | S130: =+S129 -> 7 | U130: =O130/(H130*60*S130)*100000 -> #DIV/0!
U132: =AVERAGE(U125:U130) -> #DIV/0! | W132: =AVERAGE(W125:W130) -> #DIV/0!
G134: Mínimo | H134: Máximo
A135: JACQUARD | B135: TEMPERATURA | G135: =$G$31 -> 20 | H135: =$H$31 -> 29 | Q135: =AVERAGE(K135,M135,O135) -> #DIV/0! | V135: =AVERAGE(S140:S148) -> 7
A136: SMIT | B136: HUMEDAD | G136: =$G$32 -> 60 | H136: =$H$32 -> 75 | Q136: =AVERAGE(K136,M136,O136) -> #DIV/0! | S136: MAQUINAS TRABAJANDO | V136: =COUNT(S140:S148) -> 9
K138: Marcador | M138: Marcador | O138: Marcas | S138: Horas | U138: Eficiencia | W138: Temp.
A139: Observaciones | B139: R | C139: P | D139: L | E139: tiempo | H139: vel | I139: telar | K139: Inicial | M139: Final | S139: 7
I140: 201 | K140: ='28 ABRIL (MARTES)'!M140 -> 566234.3 | M140: =K140+O140 -> 566234.3 | S140: =+S139 -> 7 | U140: =O140/(H140*60*S140)*100000 -> #DIV/0!
I141: 202 | K141: ='28 ABRIL (MARTES)'!M141 -> 656588.2 | M141: =K141+O141 -> 656588.2 | S141: =+S140 -> 7 | U141: =O141/(H141*60*S141)*100000 -> #DIV/0!
I142: 203 | K142: ='28 ABRIL (MARTES)'!M142 -> 566883.3 | M142: =K142+O142 -> 566883.3 | S142: =+S141 -> 7 | U142: =O142/(H142*60*S142)*100000 -> #DIV/0!
I143: 204 | K143: ='28 ABRIL (MARTES)'!M143 -> 575772.8 | M143: =K143+O143 -> 575772.8 | S143: =+S142 -> 7 | U143: =O143/(H143*60*S143)*100000 -> #DIV/0!
I144: 205 | K144: ='28 ABRIL (MARTES)'!M144 -> 571272.3 | M144: =K144+O144 -> 571272.3 | S144: =+S143 -> 7 | U144: =O144/(H144*60*S144)*100000 -> #DIV/0!
I145: 206 | K145: ='28 ABRIL (MARTES)'!M145 -> 602026 | M145: =K145+O145 -> 602026 | S145: =+S144 -> 7 | U145: =O145/(H145*60*S145)*100000 -> #DIV/0!
I146: 213 | K146: ='28 ABRIL (MARTES)'!M146 -> 556791.34 | M146: =K146+O146 -> 556791.34 | S146: =+S145 -> 7 | U146: =O146/(H146*60*S146)*100000 -> #DIV/0!
I147: 214 | K147: ='28 ABRIL (MARTES)'!M147 -> 574556.6 | M147: =K147+O147 -> 574556.6 | S147: =+S146 -> 7 | U147: =O147/(H147*60*S147)*100000 -> #DIV/0!
I148: 215 | K148: ='28 ABRIL (MARTES)'!M148 -> 611004.4 | M148: =K148+O148 -> 611004.4 | S148: =+S147 -> 7 | U148: =O148/(H148*60*S148)*100000 -> #DIV/0!
U150: =AVERAGE(U140:U148) -> #DIV/0! | W150: =AVERAGE(W140:W147) -> #DIV/0!
G152: Mínimo | H152: Máximo
A153: SMIT LISO | B153: TEMPERATURA | G153: =$G$31 -> 20 | H153: =$H$31 -> 29 | Q153: =AVERAGE(K153,M153,O153) -> #DIV/0! | V153: =AVERAGE(S158:S179) -> 7
...

Sheet 28 ABRIL (MARTES)
A2: =TODAY()-1 -> 46133
I4: Turno | K4: Jaq | M4: Smit | O4: 300 | Q4: Karl M
I5: 1ro. | K5: =U43 -> #DIV/0! | M5: =U61 -> #DIV/0! | O5: =U92 -> #DIV/0! | Q5: =U103 -> #DIV/0!
A7: RESUMEN DE EFICIENCIAS | I7: 2do. | K7: =U132 -> #DIV/0! | M7: =U150 -> #DIV/0! | O7: =U181 -> #DIV/0! | Q7: =U192 -> #DIV/0!
I9: 3er | K9: =+U221 -> #DIV/0! | M9: =+U239 -> #DIV/0! | O9: =+U270 -> #DIV/0! | Q9: =U281 -> #DIV/0!
I11: 4to. | K11: =+U310 -> 0 | M11: =+U328 -> 0 | O11: =+U359 -> 0 | Q11: =U343 -> 0
H13: Promedio | K13: =(K11+K9+K7+K5)/3 -> #DIV/0! | M13: =(M11+M9+M7+M5)/3 -> #DIV/0! | O13: =(O11+O9+O7+O5)/3 -> #DIV/0! | Q13: =(Q11+Q9+Q7+Q5)/3 -> #DIV/0!
A18: PRIMER TURNO PRIMER TURNO PRIMER TURNO
A19: 1 TURNO | B19: HORARIO: | K19: SUPERVISOR: | R19: DIA: | W19: FECHA:
A21: COMENTARIO DE PERSONAL
A25: F=FALTA, P=PERMISO, R=RETARDO, C=CASTIGO, I=INCAPACIDAD, V=VACACIONES, FL=FESTIVO LABORADO, FD=FESTIVO DESCANSADO, CL=CAMBIO DE LUGAR, B=BAJA, CT=CAMBIO DE TURNO
A27: Observaciones:
G30: Mínimo | H30: Máximo
A31: JACQUARD | B31: TEMPERATURA | G31: ='27 ABRIL (LUNES)'!G31 -> 20 | H31: ='27 ABRIL (LUNES)'!H31 -> 29 | Q31: =AVERAGE(K31,M31,O31) -> #DIV/0! | V31: =AVERAGE(S36:S41) -> 8.5
A32: SULZER | B32: HUMEDAD | G32: ='27 ABRIL (LUNES)'!G32 -> 60 | H32: ='27 ABRIL (LUNES)'!H32 -> 75 | Q32: =AVERAGE(K32,M32,O32) -> #DIV/0! | S32: MAQUINAS TRABAJANDO | V32: =COUNT(S36:S41) -> 6
K34: Marcador | M34: Marcador | O34: Marcas | S34: Horas | U34: Eficiencia | W34: Temp.
A35: Observaciones | B35: R | C35: P | D35: L | E35: tiempo | H35: vel | I35: telar | K35: Inicial | M35: Final | S35: 8.5
I36: 207 | K36: ='27 ABRIL (LUNES)'!M36 -> 553941 | M36: =K36+O36 -> 553941 | S36: =+S35 -> 8.5 | U36: =O36/(H36*60*S36)*100000 -> #DIV/0!
I37: 208 | K37: ='27 ABRIL (LUNES)'!M37 -> 617577 | M37: =K37+O37 -> 617577 | S37: =+S36 -> 8.5 | U37: =O37/(H37*60*S37)*100000 -> #DIV/0!
I38: 209 | K38: ='27 ABRIL (LUNES)'!M38 -> 595396 | M38: =K38+O38 -> 595396 | S38: =+S37 -> 8.5 | U38: =O38/(H38*60*S38)*100000 -> #DIV/0!
I39: 210 | K39: ='27 ABRIL (LUNES)'!M39 -> 682073.4 | M39: =K39+O39 -> 682073.4 | S39: =+S38 -> 8.5 | U39: =O39/(H39*60*S39)*100000 -> #DIV/0!
I40: 211 | K40: ='27 ABRIL (LUNES)'!M40 -> 739209.5 | M40: =K40+O40 -> 739209.5 | S40: =+S39 -> 8.5 | U40: =O40/(H40*60*S40)*100000 -> #DIV/0!
I41: 212 | K41: ='27 ABRIL (LUNES)'!M41 -> 0 | M41: =K41+O41 -> 0 | S41: =+S40 -> 8.5 | U41: =O41/(H41*60*S41)*100000 -> #DIV/0!
U43: =AVERAGE(U36:U41) -> #DIV/0! | W43: =AVERAGE(W36:W41) -> #DIV/0!
G45: Mínimo | H45: Máximo
A46: JACQUARD | B46: TEMPERATURA | G46: =$G$31 -> 20 | H46: =$H$31 -> 29 | Q46: =AVERAGE(K46,M46,O46) -> #DIV/0! | V46: =AVERAGE(S51:S59) -> 8.5
A47: SMIT | B47: HUMEDAD | G47: =$G$32 -> 60 | H47: =$H$32 -> 75 | Q47: =AVERAGE(K47,M47,O47) -> #DIV/0! | S47: MAQUINAS TRABAJANDO | V47: =COUNT(S51:S59) -> 9
K49: Marcador | M49: Marcador | O49: Marcas | S49: Horas | U49: Eficiencia | W49: Temp.
A50: Observaciones | B50: R | C50: P | D50: L | E50: tiempo | H50: vel | I50: telar | K50: Inicial | M50: Final | S50: 8.5
I51: 201 | K51: ='27 ABRIL (LUNES)'!M51 -> 647180.6 | M51: =K51+O51 -> 647180.6 | S51: =+S50 -> 8.5 | U51: =O51/(H51*60*S51)*100000 -> #DIV/0!
I52: 202 | K52: ='27 ABRIL (LUNES)'!M52 -> 753490.7 | M52: =K52+O52 -> 753490.7 | S52: =+S51 -> 8.5 | U52: =O52/(H52*60*S52)*100000 -> #DIV/0!
I53: 203 | K53: ='27 ABRIL (LUNES)'!M53 -> 654637.8 | M53: =K53+O53 -> 654637.8 | S53: =+S52 -> 8.5 | U53: =O53/(H53*60*S53)*100000 -> #DIV/0!
I54: 204 | K54: ='27 ABRIL (LUNES)'!M54 -> 662768.7 | M54: =K54+O54 -> 662768.7 | S54: =+S53 -> 8.5 | U54: =O54/(H54*60*S54)*100000 -> #DIV/0!
I55: 205 | K55: ='27 ABRIL (LUNES)'!M55 -> 647848.7 | M55: =K55+O55 -> 647848.7 | S55: =+S54 -> 8.5 | U55: =O55/(H55*60*S55)*100000 -> #DIV/0!
I56: 206 | K56: ='27 ABRIL (LUNES)'!M56 -> 677636.3 | M56: =K56+O56 -> 677636.3 | S56: =+S55 -> 8.5 | U56: =O56/(H56*60*S56)*100000 -> #DIV/0!
I57: 213 | K57: ='27 ABRIL (LUNES)'!M57 -> 633388.9 | M57: =K57+O57 -> 633388.9 | S57: =+S56 -> 8.5 | U57: =O57/(H57*60*S57)*100000 -> #DIV/0!
I58: 214 | K58: ='27 ABRIL (LUNES)'!M58 -> 657550.9 | M58: =K58+O58 -> 657550.9 | S58: =+S57 -> 8.5 | U58: =O58/(H58*60*S58)*100000 -> #DIV/0!
I59: 215 | K59: ='27 ABRIL (LUNES)'!M59 -> 694890.2 | M59: =K59+O59 -> 694890.2 | S59: =+S58 -> 8.5 | U59: =O59/(H59*60*S59)*100000 -> #DIV/0!
U61: =AVERAGE(U51:U59) -> #DIV/0! | W61: =AVERAGE(W51:W58) -> #DIV/0!
G63: Mínimo | H63: Máximo
A64: SMIT LISO | B64: TEMPERATURA | G64: =$G$31 -> 20 | H64: =$H$31 -> 29 | Q64: =AVERAGE(K64,M64,O64) -> #DIV/0! | V64: =AVERAGE(S69:S90) -> 8.5
A65: 300 | B65: HUMEDAD | G65: =$G$32 -> 60 | H65: =$H$32 -> 75 | Q65: =AVERAGE(K65,M65,O65) -> #DIV/0! | S65: MAQUINAS TRABAJANDO | V65: =COUNT(S69:S90) -> 22
K67: Marcador | M67: Marcador | O67: Marcas | S67: Horas | U67: Eficiencia
A68: Observaciones | B68: R | C68: P | D68: L | E68: tiempo | H68: vel | I68: telar | K68: Inicial | M68: Final | S68: 8.5
I69: 299 | K69: ='27 ABRIL (LUNES)'!M69 -> 388771.3 | M69: =K69+O69 -> 388771.3 | S69: =+S68 -> 8.5 | U69: =O69/(H69*60*S69)*100000 -> #DIV/0!
I70: 300 | K70: ='27 ABRIL (LUNES)'!M70 -> 370420.9 | M70: =K70+O70 -> 370420.9 | S70: =+S69 -> 8.5 | U70: =O70/(H70*60*S70)*100000 -> #DIV/0!
I71: 301 | K71: ='27 ABRIL (LUNES)'!M71 -> 403845 | M71: =K71+O71 -> 403845 | S71: =+S70 -> 8.5 | U71: =O71/(H71*60*S71)*100000 -> #DIV/0!
I72: 302 | K72: ='27 ABRIL (LUNES)'!M72 -> 407494 | M72: =K72+O72 -> 407494 | S72: =+S71 -> 8.5 | U72: =O72/(H72*60*S72)*100000 -> #DIV/0!
I73: 303 | K73: ='27 ABRIL (LUNES)'!M73 -> 407526.5 | M73: =K73+O73 -> 407526.5 | S73: =+S72 -> 8.5 | U73: =O73/(H73*60*S73)*100000 -> #DIV/0!
I74: 304 | K74: ='27 ABRIL (LUNES)'!M74 -> 414575 | M74: =K74+O74 -> 414575 | S74: =+S73 -> 8.5 | U74: =O74/(H74*60*S74)*100000 -> #DIV/0!
I75: 305 | K75: ='27 ABRIL (LUNES)'!M75 -> 679975.4 | M75: =K75+O75 -> 679975.4 | S75: =+S74 -> 8.5 | U75: =O75/(H75*60*S75)*100000 -> #DIV/0!
I76: 306 | K76: ='27 ABRIL (LUNES)'!M76 -> 646926.8 | M76: =K76+O76 -> 646926.8 | S76: =+S75 -> 8.5 | U76: =O76/(H76*60*S76)*100000 -> #DIV/0!
I77: 307 | K77: ='27 ABRIL (LUNES)'!M77 -> 712585.1 | M77: =K77+O77 -> 712585.1 | S77: =+S76 -> 8.5 | U77: =O77/(H77*60*S77)*100000 -> #DIV/0!
I78: 308 | K78: ='27 ABRIL (LUNES)'!M78 -> 671547.5 | M78: =K78+O78 -> 671547.5 | S78: =+S77 -> 8.5 | U78: =O78/(H78*60*S78)*100000 -> #DIV/0!
I79: 309 | K79: ='27 ABRIL (LUNES)'!M79 -> 671095.4 | M79: =K79+O79 -> 671095.4 | S79: =+S78 -> 8.5 | U79: =O79/(H79*60*S79)*100000 -> #DIV/0!
I80: 310 | K80: ='27 ABRIL (LUNES)'!M80 -> 635836.8 | M80: =K80+O80 -> 635836.8 | S80: =+S79 -> 8.5 | U80: =O80/(H80*60*S80)*100000 -> #DIV/0!
... I90: 320 | K90: ='27 ABRIL (LUNES)'!M90 -> 389267.3 | M90: =K90+O90 -> 389267.3 | S90: =+S89 -> 8.5 | U90: =O90/(H90*60*S90)*100000 -> #DIV/0!
U92: =AVERAGE(U69:U90) -> #DIV/0!
G94: Mínimo | H94: Máximo
A95: KARL | B95: TEMPERATURA | G95: =$G$31 -> 20 | H95: =$H$31 -> 29 | Q95: =AVERAGE(K95,M95,O95) -> #DIV/0! | V95: =AVERAGE(S100:S101) -> 8.5
A96: MAYER | B96: HUMEDAD | G96: =$G$32 -> 60 | H96: =$H$32 -> 75 | Q96: =AVERAGE(K96,M96,O96) -> #DIV/0! | S96: MAQUINAS TRABAJANDO | V96: =COUNT(S100:S101) -> 2
K98: Marcador | M98: Marcador | O98: Marcas | S98: Horas | U98: Eficiencia
A99: Observaciones | B99: R | C99: P | D99: L | E99: tiempo | H99: vel | I99: telar | K99: Inicial | M99: Final | S99: 8.5
I100: 401 | K100: ='27 ABRIL (LUNES)'!M100 -> 0 | M100: =K100+O100 -> 0 | S100: =+S99 -> 8.5 | U100: =O100/(H100*60*S100)*100000 -> #DIV/0!
I101: 402 | K101: ='27 ABRIL (LUNES)'!M101 -> 0 | M101: =K101+O101 -> 0 | S101: =+S99 -> 8.5 | U101: =O101/(H101*60*S101)*100000 -> #DIV/0!
U103: =AVERAGE(U100:U101) -> #DIV/0!
A107: SEGUNDO TURNO SEGUNDO TURNO SEGUNDO TURNO
A108: 2 TURNO | B108: HORARIO: | K108: SUPERVISOR: | R108: DIA: | W108: FECHA:
A110: COMENTARIO DE PERSONAL
A114: F=FALTA, P=PERMISO, R=RETARDO, C=CASTIGO, I=INCAPACIDAD, V=VACACIONES, FL=FESTIVO LABORADO, FD=FESTIVO DESCANSADO, CL=CAMBIO DE LUGAR, B=BAJA, CT=CAMBIO DE TURNO
A116: Observaciones:
G119: Mínimo | H119: Máximo
A120: JACQUARD | B120: TEMPERATURA | G120: =$G$31 -> 20 | H120: =$H$31 -> 29 | Q120: =AVERAGE(K120,M120,O120) -> #DIV/0! | V120: =AVERAGE(S125:S130) -> 7
A121: SULZER | B121: HUMEDAD | G121: =$G$32 -> 60 | H121: =$H$32 -> 75 | Q121: =AVERAGE(K121,M121,O121) -> #DIV/0! | S121: MAQUINAS TRABAJANDO | V121: =COUNT(S125:S130) -> 6
K123: Marcador | M123: Marcador | O123: Marcas | S123: Horas | U123: Eficiencia | W123: Temp.
A124: Observaciones | B124: R | C124: P | D124: L | E124: tiempo | H124: vel | I124: telar | K124: Inicial | M124: Final | S124: 7
I125: 207 | K125: ='27 ABRIL (LUNES)'!M125 -> 488245.4 | M125: =K125+O125 -> 488245.4 | S125: =+S124 -> 7 | U125: =O125/(H125*60*S125)*100000 -> #DIV/0!
I126: 208 | K126: ='27 ABRIL (LUNES)'!M126 -> 549507.6 | M126: =K126+O126 -> 549507.6 | S126: =+S125 -> 7 | U126: =O126/(H126*60*S126)*100000 -> #DIV/0!
I127: 209 | K127: ='27 ABRIL (LUNES)'!M127 -> 526282.4 | M127: =K127+O127 -> 526282.4 | S127: =+S126 -> 7 | U127: =O127/(H127*60*S127)*100000 -> #DIV/0!
I128: 210 | K128: ='27 ABRIL (LUNES)'!M128 -> 604214 | M128: =K128+O128 -> 604214 | S128: =+S127 -> 7 | U128: =O128/(H128*60*S128)*100000 -> #DIV/0!
I129: 211 | K129: ='27 ABRIL (LUNES)'!M129 -> 650429 | M129: =K129+O129 -> 650429 | S129: =+S128 -> 7 | U129: =O129/(H129*60*S129)*100000 -> #DIV/0!
I130: 212 | K130: ='27 ABRIL (LUNES)'!M130 -> 0 | M130: =K130+O130 -> 0 | S130: =+S129 -> 7 | U130: =O130/(H130*60*S130)*100000 -> #DIV/0!
U132: =AVERAGE(U125:U130) -> #DIV/0! | W132: =AVERAGE(W125:W130) -> #DIV/0!
G134: Mínimo | H134: Máximo
A135: JACQUARD | B135: TEMPERATURA | G135: =$G$31 -> 20 | H135: =$H$31 -> 29 | Q135: =AVERAGE(K135,M135,O135) -> #DIV/0! | V135: =AVERAGE(S140:S148) -> 7
A136: SMIT | B136: HUMEDAD | G136: =$G$32 -> 60 | H136: =$H$32 -> 75 | Q136: =AVERAGE(K136,M136,O136) -> #DIV/0! | S136: MAQUINAS TRABAJANDO | V136: =COUNT(S140:S148) -> 9
K138: Marcador | M138: Marcador | O138: Marcas | S138: Horas | U138: Eficiencia | W138: Temp.
A139: Observaciones | B139: R | C139: P | D139: L | E139: tiempo | H139: vel | I139: telar | K139: Inicial | M139: Final | S139: 7
I140: 201 | K140: ='27 ABRIL (LUNES)'!M140 -> 566234.3 | M140: =K140+O140 -> 566234.3 | S140: =+S139 -> 7 | U140: =O140/(H140*60*S140)*100000 -> #DIV/0!
I141: 202 | K141: ='27 ABRIL (LUNES)'!M141 -> 656588.2 | M141: =K141+O141 -> 656588.2 | S141: =+S140 -> 7 | U141: =O141/(H141*60*S141)*100000 -> #DIV/0!
I142: 203 | K142: ='27 ABRIL (LUNES)'!M142 -> 566883.3 | M142: =K142+O142 -> 566883.3 | S142: =+S141 -> 7 | U142: =O142/(H142*60*S142)*100000 -> #DIV/0!
I143: 204 | K143: ='27 ABRIL (LUNES)'!M143 -> 575772.8 | M143: =K143+O143 -> 575772.8 | S143: =+S142 -> 7 | U143: =O143/(H143*60*S143)*100000 -> #DIV/0!
I144: 205 | K144: ='27 ABRIL (LUNES)'!M144 -> 571272.3 | M144: =K144+O144 -> 571272.3 | S144: =+S143 -> 7 | U144: =O144/(H144*60*S144)*100000 -> #DIV/0!
I145: 206 | K145: ='27 ABRIL (LUNES)'!M145 -> 602026 | M145: =K145+O145 -> 602026 | S145: =+S144 -> 7 | U145: =O145/(H145*60*S145)*100000 -> #DIV/0!
I146: 213 | K146: ='27 ABRIL (LUNES)'!M146 -> 556791.34 | M146: =K146+O146 -> 556791.34 | S146: =+S145 -> 7 | U146: =O146/(H146*60*S146)*100000 -> #DIV/0!
I147: 214 | K147: ='27 ABRIL (LUNES)'!M147 -> 574556.6 | M147: =K147+O147 -> 574556.6 | S147: =+S146 -> 7 | U147: =O147/(H147*60*S147)*100000 -> #DIV/0!
I148: 215 | K148: ='27 ABRIL (LUNES)'!M148 -> 611004.4 | M148: =K148+O148 -> 611004.4 | S148: =+S147 -> 7 | U148: =O148/(H148*60*S148)*100000 -> #DIV/0!
U150: =AVERAGE(U140:U148) -> #DIV/0! | W150: =AVERAGE(W140:W147) -> #DIV/0!
G152: Mínimo | H152: Máximo
A153: SMIT LISO | B153: TEMPERATURA | G153: =$G$31 -> 20 | H153: =$H$31 -> 29 | Q153: =AVERAGE(K153,M153,O153) -> #DIV/0! | V153: =AVERAGE(S158:S179) -> 7
...

Sheet 27 ABRIL (LUNES)
A2: =TODAY()-1 -> 46133
I4: Turno | K4: Jaq | M4: Smit | O4: 300 | Q4: Karl M
I5: 1ro. | K5: =U43 -> #DIV/0! | M5: =U61 -> #DIV/0! | O5: =U92 -> #DIV/0! | Q5: =U103 -> #DIV/0!
A7: RESUMEN DE EFICIENCIAS | I7: 2do. | K7: =U132 -> #DIV/0! | M7: =U150 -> #DIV/0! | O7: =U181 -> #DIV/0! | Q7: =U192 -> #DIV/0!
I9: 3er | K9: =+U221 -> #DIV/0! | M9: =+U239 -> #DIV/0! | O9: =+U270 -> #DIV/0! | Q9: =U281 -> #DIV/0!
I11: 4to. | K11: =+U310 -> 0 | M11: =+U328 -> 0 | O11: =+U359 -> 0 | Q11: =U343 -> 0
H13: Promedio | K13: =(K11+K9+K7+K5)/3 -> #DIV/0! | M13: =(M11+M9+M7+M5)/3 -> #DIV/0! | O13: =(O11+O9+O7+O5)/3 -> #DIV/0! | Q13: =(Q11+Q9+Q7+Q5)/3 -> #DIV/0!
A18: PRIMER TURNO PRIMER TURNO PRIMER TURNO
A19: 1 TURNO | B19: HORARIO: | K19: SUPERVISOR: | R19: DIA: | W19: FECHA:
A21: COMENTARIO DE PERSONAL
A25: F=FALTA, P=PERMISO, R=RETARDO, C=CASTIGO, I=INCAPACIDAD, V=VACACIONES, FL=FESTIVO LABORADO, FD=FESTIVO DESCANSADO, CL=CAMBIO DE LUGAR, B=BAJA, CT=CAMBIO DE TURNO
A27: Observaciones:
G30: Mínimo | H30: Máximo
A31: JACQUARD | B31: TEMPERATURA | G31: ='26 ABRIL (DOMINGO)'!G31 -> 20 | H31: ='26 ABRIL (DOMINGO)'!H31 -> 29 | Q31: =AVERAGE(K31,M31,O31) -> #DIV/0! | V31: =AVERAGE(S36:S41) -> 8.5
A32: SULZER | B32: HUMEDAD | G32: ='26 ABRIL (DOMINGO)'!G32 -> 60 | H32: ='26 ABRIL (DOMINGO)'!H32 -> 75 | Q32: =AVERAGE(K32,M32,O32) -> #DIV/0! | S32: MAQUINAS TRABAJANDO | V32: =COUNT(S36:S41) -> 6
K34: Marcador | M34: Marcador | O34: Marcas | S34: Horas | U34: Eficiencia | W34: Temp.
A35: Observaciones | B35: R | C35: P | D35: L | E35: tiempo | H35: vel | I35: telar | K35: Inicial | M35: Final | S35: 8.5
I36: 207 | K36: ='26 ABRIL (DOMINGO)'!M36 -> 553941 | M36: =K36+O36 -> 553941 | S36: =+S35 -> 8.5 | U36: =O36/(H36*60*S36)*100000 -> #DIV/0!
I37: 208 | K37: ='26 ABRIL (DOMINGO)'!M37 -> 617577 | M37: =K37+O37 -> 617577 | S37: =+S36 -> 8.5 | U37: =O37/(H37*60*S37)*100000 -> #DIV/0!
I38: 209 | K38: ='26 ABRIL (DOMINGO)'!M38 -> 595396 | M38: =K38+O38 -> 595396 | S38: =+S37 -> 8.5 | U38: =O38/(H38*60*S38)*100000 -> #DIV/0!
I39: 210 | K39: ='26 ABRIL (DOMINGO)'!M39 -> 682073.4 | M39: =K39+O39 -> 682073.4 | S39: =+S38 -> 8.5 | U39: =O39/(H39*60*S39)*100000 -> #DIV/0!
I40: 211 | K40: ='26 ABRIL (DOMINGO)'!M40 -> 739209.5 | M40: =K40+O40 -> 739209.5 | S40: =+S39 -> 8.5 | U40: =O40/(H40*60*S40)*100000 -> #DIV/0!
I41: 212 | K41: ='26 ABRIL (DOMINGO)'!M41 -> 0 | M41: =K41+O41 -> 0 | S41: =+S40 -> 8.5 | U41: =O41/(H41*60*S41)*100000 -> #DIV/0!
U43: =AVERAGE(U36:U41) -> #DIV/0! | W43: =AVERAGE(W36:W41) -> #DIV/0!
G45: Mínimo | H45: Máximo
A46: JACQUARD | B46: TEMPERATURA | G46: =$G$31 -> 20 | H46: =$H$31 -> 29 | Q46: =AVERAGE(K46,M46,O46) -> #DIV/0! | V46: =AVERAGE(S51:S59) -> 8.5
A47: SMIT | B47: HUMEDAD | G47: =$G$32 -> 60 | H47: =$H$32 -> 75 | Q47: =AVERAGE(K47,M47,O47) -> #DIV/0! | S47: MAQUINAS TRABAJANDO | V47: =COUNT(S51:S59) -> 9
K49: Marcador | M49: Marcador | O49: Marcas | S49: Horas | U49: Eficiencia | W49: Temp.
A50: Observaciones | B50: R | C50: P | D50: L | E50: tiempo | H50: vel | I50: telar | K50: Inicial | M50: Final | S50: 8.5
I51: 201 | K51: ='26 ABRIL (DOMINGO)'!M51 -> 647180.6 | M51: =K51+O51 -> 647180.6 | S51: =+S50 -> 8.5 | U51: =O51/(H51*60*S51)*100000 -> #DIV/0!
I52: 202 | K52: ='26 ABRIL (DOMINGO)'!M52 -> 753490.7 | M52: =K52+O52 -> 753490.7 | S52: =+S51 -> 8.5 | U52: =O52/(H52*60*S52)*100000 -> #DIV/0!
I53: 203 | K53: ='26 ABRIL (DOMINGO)'!M53 -> 654637.8 | M53: =K53+O53 -> 654637.8 | S53: =+S52 -> 8.5 | U53: =O53/(H53*60*S53)*100000 -> #DIV/0!
I54: 204 | K54: ='26 ABRIL (DOMINGO)'!M54 -> 662768.7 | M54: =K54+O54 -> 662768.7 | S54: =+S53 -> 8.5 | U54: =O54/(H54*60*S54)*100000 -> #DIV/0!
I55: 205 | K55: ='26 ABRIL (DOMINGO)'!M55 -> 647848.7 | M55: =K55+O55 -> 647848.7 | S55: =+S54 -> 8.5 | U55: =O55/(H55*60*S55)*100000 -> #DIV/0!
I56: 206 | K56: ='26 ABRIL (DOMINGO)'!M56 -> 677636.3 | M56: =K56+O56 -> 677636.3 | S56: =+S55 -> 8.5 | U56: =O56/(H56*60*S56)*100000 -> #DIV/0!
I57: 213 | K57: ='26 ABRIL (DOMINGO)'!M57 -> 633388.9 | M57: =K57+O57 -> 633388.9 | S57: =+S56 -> 8.5 | U57: =O57/(H57*60*S57)*100000 -> #DIV/0!
I58: 214 | K58: ='26 ABRIL (DOMINGO)'!M58 -> 657550.9 | M58: =K58+O58 -> 657550.9 | S58: =+S57 -> 8.5 | U58: =O58/(H58*60*S58)*100000 -> #DIV/0!
I59: 215 | K59: ='26 ABRIL (DOMINGO)'!M59 -> 694890.2 | M59: =K59+O59 -> 694890.2 | S59: =+S58 -> 8.5 | U59: =O59/(H59*60*S59)*100000 -> #DIV/0!
U61: =AVERAGE(U51:U59) -> #DIV/0! | W61: =AVERAGE(W51:W58) -> #DIV/0!
G63: Mínimo | H63: Máximo
A64: SMIT LISO | B64: TEMPERATURA | G64: =$G$31 -> 20 | H64: =$H$31 -> 29 | Q64: =AVERAGE(K64,M64,O64) -> #DIV/0! | V64: =AVERAGE(S69:S90) -> 8.5
A65: 300 | B65: HUMEDAD | G65: =$G$32 -> 60 | H65: =$H$32 -> 75 | Q65: =AVERAGE(K65,M65,O65) -> #DIV/0! | S65: MAQUINAS TRABAJANDO | V65: =COUNT(S69:S90) -> 22
K67: Marcador | M67: Marcador | O67: Marcas | S67: Horas | U67: Eficiencia
A68: Observaciones | B68: R | C68: P | D68: L | E68: tiempo | H68: vel | I68: telar | K68: Inicial | M68: Final | S68: 8.5
I69: 299 | K69: ='26 ABRIL (DOMINGO)'!M69 -> 388771.3 | M69: =K69+O69 -> 388771.3 | S69: =+S68 -> 8.5 | U69: =O69/(H69*60*S69)*100000 -> #DIV/0!
I70: 300 | K70: ='26 ABRIL (DOMINGO)'!M70 -> 370420.9 | M70: =K70+O70 -> 370420.9 | S70: =+S69 -> 8.5 | U70: =O70/(H70*60*S70)*100000 -> #DIV/0!
I71: 301 | K71: ='26 ABRIL (DOMINGO)'!M71 -> 403845 | M71: =K71+O71 -> 403845 | S71: =+S70 -> 8.5 | U71: =O71/(H71*60*S71)*100000 -> #DIV/0!
I72: 302 | K72: ='26 ABRIL (DOMINGO)'!M72 -> 407494 | M72: =K72+O72 -> 407494 | S72: =+S71 -> 8.5 | U72: =O72/(H72*60*S72)*100000 -> #DIV/0!
I73: 303 | K73: ='26 ABRIL (DOMINGO)'!M73 -> 407526.5 | M73: =K73+O73 -> 407526.5 | S73: =+S72 -> 8.5 | U73: =O73/(H73*60*S73)*100000 -> #DIV/0!
I74: 304 | K74: ='26 ABRIL (DOMINGO)'!M74 -> 414575 | M74: =K74+O74 -> 414575 | S74: =+S73 -> 8.5 | U74: =O74/(H74*60*S74)*100000 -> #DIV/0!
I75: 305 | K75: ='26 ABRIL (DOMINGO)'!M75 -> 679975.4 | M75: =K75+O75 -> 679975.4 | S75: =+S74 -> 8.5 | U75: =O75/(H75*60*S75)*100000 -> #DIV/0!
I76: 306 | K76: ='26 ABRIL (DOMINGO)'!M76 -> 646926.8 | M76: =K76+O76 -> 646926.8 | S76: =+S75 -> 8.5 | U76: =O76/(H76*60*S76)*100000 -> #DIV/0!
I77: 307 | K77: ='26 ABRIL (DOMINGO)'!M77 -> 712585.1 | M77: =K77+O77 -> 712585.1 | S77: =+S76 -> 8.5 | U77: =O77/(H77*60*S77)*100000 -> #DIV/0!
I78: 308 | K78: ='26 ABRIL (DOMINGO)'!M78 -> 671547.5 | M78: =K78+O78 -> 671547.5 | S78: =+S77 -> 8.5 | U78: =O78/(H78*60*S78)*100000 -> #DIV/0!
I79: 309 | K79: ='26 ABRIL (DOMINGO)'!M79 -> 671095.4 | M79: =K79+O79 -> 671095.4 | S79: =+S78 -> 8.5 | U79: =O79/(H79*60*S79)*100000 -> #DIV/0!
I80: 310 | K80: ='26 ABRIL (DOMINGO)'!M80 -> 635836.8 | M80: =K80+O80 -> 635836.8 | S80: =+S79 -> 8.5 | U80: =O80/(H80*60*S80)*100000 -> #DIV/0!
... I90: 320 | K90: ='26 ABRIL (DOMINGO)'!M90 -> 389267.3 | M90: =K90+O90 -> 389267.3 | S90: =+S89 -> 8.5 | U90: =O90/(H90*60*S90)*100000 -> #DIV/0!
U92: =AVERAGE(U69:U90) -> #DIV/0!
G94: Mínimo | H94: Máximo
A95: KARL | B95: TEMPERATURA | G95: =$G$31 -> 20 | H95: =$H$31 -> 29 | Q95: =AVERAGE(K95,M95,O95) -> #DIV/0! | V95: =AVERAGE(S100:S101) -> 8.5
A96: MAYER | B96: HUMEDAD | G96: =$G$32 -> 60 | H96: =$H$32 -> 75 | Q96: =AVERAGE(K96,M96,O96) -> #DIV/0! | S96: MAQUINAS TRABAJANDO | V96: =COUNT(S100:S101) -> 2
K98: Marcador | M98: Marcador | O98: Marcas | S98: Horas | U98: Eficiencia
A99: Observaciones | B99: R | C99: P | D99: L | E99: tiempo | H99: vel | I99: telar | K99: Inicial | M99: Final | S99: 8.5
I100: 401 | K100: ='26 ABRIL (DOMINGO)'!M100 -> 0 | M100: =K100+O100 -> 0 | S100: =+S99 -> 8.5 | U100: =O100/(H100*60*S100)*100000 -> #DIV/0!
I101: 402 | K101: ='26 ABRIL (DOMINGO)'!M101 -> 0 | M101: =K101+O101 -> 0 | S101: =+S99 -> 8.5 | U101: =O101/(H101*60*S101)*100000 -> #DIV/0!
U103: =AVERAGE(U100:U101) -> #DIV/0!
A107: SEGUNDO TURNO SEGUNDO TURNO SEGUNDO TURNO
A108: 2 TURNO | B108: HORARIO: | K108: SUPERVISOR: | R108: DIA: | W108: FECHA:
A110: COMENTARIO DE PERSONAL
A114: F=FALTA, P=PERMISO, R=RETARDO, C=CASTIGO, I=INCAPACIDAD, V=VACACIONES, FL=FESTIVO LABORADO, FD=FESTIVO DESCANSADO, CL=CAMBIO DE LUGAR, B=BAJA, CT=CAMBIO DE TURNO
A116: Observaciones:
G119: Mínimo | H119: Máximo
A120: JACQUARD | B120: TEMPERATURA | G120: =$G$31 -> 20 | H120: =$H$31 -> 29 | Q120: =AVERAGE(K120,M120,O120) -> #DIV/0! | V120: =AVERAGE(S125:S130) -> 7
A121: SULZER | B121: HUMEDAD | G121: =$G$32 -> 60 | H121: =$H$32 -> 75 | Q121: =AVERAGE(K121,M121,O121) -> #DIV/0! | S121: MAQUINAS TRABAJANDO | V121: =COUNT(S125:S130) -> 6
K123: Marcador | M123: Marcador | O123: Marcas | S123: Horas | U123: Eficiencia | W123: Temp.
A124: Observaciones | B124: R | C124: P | D124: L | E124: tiempo | H124: vel | I124: telar | K124: Inicial | M124: Final | S124: 7
I125: 207 | K125: ='26 ABRIL (DOMINGO)'!M125 -> 488245.4 | M125: =K125+O125 -> 488245.4 | S125: =+S124 -> 7 | U125: =O125/(H125*60*S125)*100000 -> #DIV/0!
I126: 208 | K126: ='26 ABRIL (DOMINGO)'!M126 -> 549507.6 | M126: =K126+O126 -> 549507.6 | S126: =+S125 -> 7 | U126: =O126/(H126*60*S126)*100000 -> #DIV/0!
I127: 209 | K127: ='26 ABRIL (DOMINGO)'!M127 -> 526282.4 | M127: =K127+O127 -> 526282.4 | S127: =+S126 -> 7 | U127: =O127/(H127*60*S127)*100000 -> #DIV/0!
I128: 210 | K128: ='26 ABRIL (DOMINGO)'!M128 -> 604214 | M128: =K128+O128 -> 604214 | S128: =+S127 -> 7 | U128: =O128/(H128*60*S128)*100000 -> #DIV/0!
I129: 211 | K129: ='26 ABRIL (DOMINGO)'!M129 -> 650429 | M129: =K129+O129 -> 650429 | S129: =+S128 -> 7 | U129: =O129/(H129*60*S129)*100000 -> #DIV/0!
I130: 212 | K130: ='26 ABRIL (DOMINGO)'!M130 -> 0 | M130: =K130+O130 -> 0 | S130: =+S129 -> 7 | U130: =O130/(H130*60*S130)*100000 -> #DIV/0!
U132: =AVERAGE(U125:U130) -> #DIV/0! | W132: =AVERAGE(W125:W130) -> #DIV/0!
G134: Mínimo | H134: Máximo
A135: JACQUARD | B135: TEMPERATURA | G135: =$G$31 -> 20 | H135: =$H$31 -> 29 | Q135: =AVERAGE(K135,M135,O135) -> #DIV/0! | V135: =AVERAGE(S140:S148) -> 7
A136: SMIT | B136: HUMEDAD | G136: =$G$32 -> 60 | H136: =$H$32 -> 75 | Q136: =AVERAGE(K136,M136,O136) -> #DIV/0! | S136: MAQUINAS TRABAJANDO | V136: =COUNT(S140:S148) -> 9
K138: Marcador | M138: Marcador | O138: Marcas | S138: Horas | U138: Eficiencia | W138: Temp.
A139: Observaciones | B139: R | C139: P | D139: L | E139: tiempo | H139: vel | I139: telar | K139: Inicial | M139: Final | S139: 7
I140: 201 | K140: ='26 ABRIL (DOMINGO)'!M140 -> 566234.3 | M140: =K140+O140 -> 566234.3 | S140: =+S139 -> 7 | U140: =O140/(H140*60*S140)*100000 -> #DIV/0!
I141: 202 | K141: ='26 ABRIL (DOMINGO)'!M141 -> 656588.2 | M141: =K141+O141 -> 656588.2 | S141: =+S140 -> 7 | U141: =O141/(H141*60*S141)*100000 -> #DIV/0!
I142: 203 | K142: ='26 ABRIL (DOMINGO)'!M142 -> 566883.3 | M142: =K142+O142 -> 566883.3 | S142: =+S141 -> 7 | U142: =O142/(H142*60*S142)*100000 -> #DIV/0!
I143: 204 | K143: ='26 ABRIL (DOMINGO)'!M143 -> 575772.8 | M143: =K143+O143 -> 575772.8 | S143: =+S142 -> 7 | U143: =O143/(H143*60*S143)*100000 -> #DIV/0!
I144: 205 | K144: ='26 ABRIL (DOMINGO)'!M144 -> 571272.3 | M144: =K144+O144 -> 571272.3 | S144: =+S143 -> 7 | U144: =O144/(H144*60*S144)*100000 -> #DIV/0!
I145: 206 | K145: ='26 ABRIL (DOMINGO)'!M145 -> 602026 | M145: =K145+O145 -> 602026 | S145: =+S144 -> 7 | U145: =O145/(H145*60*S145)*100000 -> #DIV/0!
I146: 213 | K146: ='26 ABRIL (DOMINGO)'!M146 -> 556791.34 | M146: =K146+O146 -> 556791.34 | S146: =+S145 -> 7 | U146: =O146/(H146*60*S146)*100000 -> #DIV/0!
I147: 214 | K147: ='26 ABRIL (DOMINGO)'!M147 -> 574556.6 | M147: =K147+O147 -> 574556.6 | S147: =+S146 -> 7 | U147: =O147/(H147*60*S147)*100000 -> #DIV/0!
I148: 215 | K148: ='26 ABRIL (DOMINGO)'!M148 -> 611004.4 | M148: =K148+O148 -> 611004.4 | S148: =+S147 -> 7 | U148: =O148/(H148*60*S148)*100000 -> #DIV/0!
U150: =AVERAGE(U140:U148) -> #DIV/0! | W150: =AVERAGE(W140:W147) -> #DIV/0!
G152: Mínimo | H152: Máximo
A153: SMIT LISO | B153: TEMPERATURA | G153: =$G$31 -> 20 | H153: =$H$31 -> 29 | Q153: =AVERAGE(K153,M153,O153) -> #DIV/0! | V153: =AVERAGE(S158:S179) -> 7
...

Sheet 26 ABRIL (DOMINGO)
A2: =TODAY()-1 -> 46133
I4: Turno | K4: Jaq | M4: Smit | O4: 300 | Q4: Karl M
I5: 1ro. | K5: =U43 -> #DIV/0! | M5: =U61 -> #DIV/0! | O5: =U92 -> #DIV/0! | Q5: =U103 -> #DIV/0!
A7: RESUMEN DE EFICIENCIAS | I7: 2do. | K7: =U132 -> #DIV/0! | M7: =U150 -> #DIV/0! | O7: =U181 -> #DIV/0! | Q7: =U192 -> #DIV/0!
I9: 3er | K9: =+U221 -> #DIV/0! | M9: =+U239 -> #DIV/0! | O9: =+U270 -> #DIV/0! | Q9: =U281 -> #DIV/0!
I11: 4to. | K11: =+U310 -> 0 | M11: =+U328 -> 0 | O11: =+U359 -> 0 | Q11: =U343 -> 0
H13: Promedio | K13: =(K11+K9+K7+K5)/3 -> #DIV/0! | M13: =(M11+M9+M7+M5)/3 -> #DIV/0! | O13: =(O11+O9+O7+O5)/3 -> #DIV/0! | Q13: =(Q11+Q9+Q7+Q5)/3 -> #DIV/0!
A18: PRIMER TURNO PRIMER TURNO PRIMER TURNO
A19: 1 TURNO | B19: HORARIO: | K19: SUPERVISOR: | R19: DIA: | W19: FECHA:
A21: COMENTARIO DE PERSONAL
A25: F=FALTA, P=PERMISO, R=RETARDO, C=CASTIGO, I=INCAPACIDAD, V=VACACIONES, FL=FESTIVO LABORADO, FD=FESTIVO DESCANSADO, CL=CAMBIO DE LUGAR, B=BAJA, CT=CAMBIO DE TURNO
A27: Observaciones:
G30: Mínimo | H30: Máximo
A31: JACQUARD | B31: TEMPERATURA | G31: ='25 ABRIL (SABADO)'!G31 -> 20 | H31: ='25 ABRIL (SABADO)'!H31 -> 29 | Q31: =AVERAGE(K31,M31,O31) -> #DIV/0! | V31: =AVERAGE(S36:S41) -> 8.5
A32: SULZER | B32: HUMEDAD | G32: ='25 ABRIL (SABADO)'!G32 -> 60 | H32: ='25 ABRIL (SABADO)'!H32 -> 75 | Q32: =AVERAGE(K32,M32,O32) -> #DIV/0! | S32: MAQUINAS TRABAJANDO | V32: =COUNT(S36:S41) -> 6
K34: Marcador | M34: Marcador | O34: Marcas | S34: Horas | U34: Eficiencia | W34: Temp.
A35: Observaciones | B35: R | C35: P | D35: L | E35: tiempo | H35: vel | I35: telar | K35: Inicial | M35: Final | S35: 8.5
I36: 207 | K36: ='25 ABRIL (SABADO)'!M36 -> 553941 | M36: =K36+O36 -> 553941 | S36: =+S35 -> 8.5 | U36: =O36/(H36*60*S36)*100000 -> #DIV/0!
I37: 208 | K37: ='25 ABRIL (SABADO)'!M37 -> 617577 | M37: =K37+O37 -> 617577 | S37: =+S36 -> 8.5 | U37: =O37/(H37*60*S37)*100000 -> #DIV/0!
I38: 209 | K38: ='25 ABRIL (SABADO)'!M38 -> 595396 | M38: =K38+O38 -> 595396 | S38: =+S37 -> 8.5 | U38: =O38/(H38*60*S38)*100000 -> #DIV/0!
I39: 210 | K39: ='25 ABRIL (SABADO)'!M39 -> 682073.4 | M39: =K39+O39 -> 682073.4 | S39: =+S38 -> 8.5 | U39: =O39/(H39*60*S39)*100000 -> #DIV/0!
I40: 211 | K40: ='25 ABRIL (SABADO)'!M40 -> 739209.5 | M40: =K40+O40 -> 739209.5 | S40: =+S39 -> 8.5 | U40: =O40/(H40*60*S40)*100000 -> #DIV/0!
I41: 212 | K41: ='25 ABRIL (SABADO)'!M41 -> 0 | M41: =K41+O41 -> 0 | S41: =+S40 -> 8.5 | U41: =O41/(H41*60*S41)*100000 -> #DIV/0!
U43: =AVERAGE(U36:U41) -> #DIV/0! | W43: =AVERAGE(W36:W41) -> #DIV/0!
G45: Mínimo | H45: Máximo
A46: JACQUARD | B46: TEMPERATURA | G46: =$G$31 -> 20 | H46: =$H$31 -> 29 | Q46: =AVERAGE(K46,M46,O46) -> #DIV/0! | V46: =AVERAGE(S51:S59) -> 8.5
A47: SMIT | B47: HUMEDAD | G47: =$G$32 -> 60 | H47: =$H$32 -> 75 | Q47: =AVERAGE(K47,M47,O47) -> #DIV/0! | S47: MAQUINAS TRABAJANDO | V47: =COUNT(S51:S59) -> 9
K49: Marcador | M49: Marcador | O49: Marcas | S49: Horas | U49: Eficiencia | W49: Temp.
A50: Observaciones | B50: R | C50: P | D50: L | E50: tiempo | H50: vel | I50: telar | K50: Inicial | M50: Final | S50: 8.5
I51: 201 | K51: ='25 ABRIL (SABADO)'!M51 -> 647180.6 | M51: =K51+O51 -> 647180.6 | S51: =+S50 -> 8.5 | U51: =O51/(H51*60*S51)*100000 -> #DIV/0!
I52: 202 | K52: ='25 ABRIL (SABADO)'!M52 -> 753490.7 | M52: =K52+O52 -> 753490.7 | S52: =+S51 -> 8.5 | U52: =O52/(H52*60*S52)*100000 -> #DIV/0!
I53: 203 | K53: ='25 ABRIL (SABADO)'!M53 -> 654637.8 | M53: =K53+O53 -> 654637.8 | S53: =+S52 -> 8.5 | U53: =O53/(H53*60*S53)*100000 -> #DIV/0!
I54: 204 | K54: ='25 ABRIL (SABADO)'!M54 -> 662768.7 | M54: =K54+O54 -> 662768.7 | S54: =+S53 -> 8.5 | U54: =O54/(H54*60*S54)*100000 -> #DIV/0!
I55: 205 | K55: ='25 ABRIL (SABADO)'!M55 -> 647848.7 | M55: =K55+O55 -> 647848.7 | S55: =+S54 -> 8.5 | U55: =O55/(H55*60*S55)*100000 -> #DIV/0!
I56: 206 | K56: ='25 ABRIL (SABADO)'!M56 -> 677636.3 | M56: =K56+O56 -> 677636.3 | S56: =+S55 -> 8.5 | U56: =O56/(H56*60*S56)*100000 -> #DIV/0!
I57: 213 | K57: ='25 ABRIL (SABADO)'!M57 -> 633388.9 | M57: =K57+O57 -> 633388.9 | S57: =+S56 -> 8.5 | U57: =O57/(H57*60*S57)*100000 -> #DIV/0!
I58: 214 | K58: ='25 ABRIL (SABADO)'!M58 -> 657550.9 | M58: =K58+O58 -> 657550.9 | S58: =+S57 -> 8.5 | U58: =O58/(H58*60*S58)*100000 -> #DIV/0!
I59: 215 | K59: ='25 ABRIL (SABADO)'!M59 -> 694890.2 | M59: =K59+O59 -> 694890.2 | S59: =+S58 -> 8.5 | U59: =O59/(H59*60*S59)*100000 -> #DIV/0!
U61: =AVERAGE(U51:U59) -> #DIV/0! | W61: =AVERAGE(W51:W58) -> #DIV/0!
G63: Mínimo | H63: Máximo
A64: SMIT LISO | B64: TEMPERATURA | G64: =$G$31 -> 20 | H64: =$H$31 -> 29 | Q64: =AVERAGE(K64,M64,O64) -> #DIV/0! | V64: =AVERAGE(S69:S90) -> 8.5
A65: 300 | B65: HUMEDAD | G65: =$G$32 -> 60 | H65: =$H$32 -> 75 | Q65: =AVERAGE(K65,M65,O65) -> #DIV/0! | S65: MAQUINAS TRABAJANDO | V65: =COUNT(S69:S90) -> 22
K67: Marcador | M67: Marcador | O67: Marcas | S67: Horas | U67: Eficiencia
A68: Observaciones | B68: R | C68: P | D68: L | E68: tiempo | H68: vel | I68: telar | K68: Inicial | M68: Final | S68: 8.5
I69: 299 | K69: ='25 ABRIL (SABADO)'!M69 -> 388771.3 | M69: =K69+O69 -> 388771.3 | S69: =+S68 -> 8.5 | U69: =O69/(H69*60*S69)*100000 -> #DIV/0!
I70: 300 | K70: ='25 ABRIL (SABADO)'!M70 -> 370420.9 | M70: =K70+O70 -> 370420.9 | S70: =+S69 -> 8.5 | U70: =O70/(H70*60*S70)*100000 -> #DIV/0!
I71: 301 | K71: ='25 ABRIL (SABADO)'!M71 -> 403845 | M71: =K71+O71 -> 403845 | S71: =+S70 -> 8.5 | U71: =O71/(H71*60*S71)*100000 -> #DIV/0!
I72: 302 | K72: ='25 ABRIL (SABADO)'!M72 -> 407494 | M72: =K72+O72 -> 407494 | S72: =+S71 -> 8.5 | U72: =O72/(H72*60*S72)*100000 -> #DIV/0!
I73: 303 | K73: ='25 ABRIL (SABADO)'!M73 -> 407526.5 | M73: =K73+O73 -> 407526.5 | S73: =+S72 -> 8.5 | U73: =O73/(H73*60*S73)*100000 -> #DIV/0!
I74: 304 | K74: ='25 ABRIL (SABADO)'!M74 -> 414575 | M74: =K74+O74 -> 414575 | S74: =+S73 -> 8.5 | U74: =O74/(H74*60*S74)*100000 -> #DIV/0!
I75: 305 | K75: ='25 ABRIL (SABADO)'!M75 -> 679975.4 | M75: =K75+O75 -> 679975.4 | S75: =+S74 -> 8.5 | U75: =O75/(H75*60*S75)*100000 -> #DIV/0!
I76: 306 | K76: ='25 ABRIL (SABADO)'!M76 -> 646926.8 | M76: =K76+O76 -> 646926.8 | S76: =+S75 -> 8.5 | U76: =O76/(H76*60*S76)*100000 -> #DIV/0!
I77: 307 | K77: ='25 ABRIL (SABADO)'!M77 -> 712585.1 | M77: =K77+O77 -> 712585.1 | S77: =+S76 -> 8.5 | U77: =O77/(H77*60*S77)*100000 -> #DIV/0!
I78: 308 | K78: ='25 ABRIL (SABADO)'!M78 -> 671547.5 | M78: =K78+O78 -> 671547.5 | S78: =+S77 -> 8.5 | U78: =O78/(H78*60*S78)*100000 -> #DIV/0!
I79: 309 | K79: ='25 ABRIL (SABADO)'!M79 -> 671095.4 | M79: =K79+O79 -> 671095.4 | S79: =+S78 -> 8.5 | U79: =O79/(H79*60*S79)*100000 -> #DIV/0!
I80: 310 | K80: ='25 ABRIL (SABADO)'!M80 -> 635836.8 | M80: =K80+O80 -> 635836.8 | S80: =+S79 -> 8.5 | U80: =O80/(H80*60*S80)*100000 -> #DIV/0!
... I90: 320 | K90: ='25 ABRIL (SABADO)'!M90 -> 389267.3 | M90: =K90+O90 -> 389267.3 | S90: =+S89 -> 8.5 | U90: =O90/(H90*60*S90)*100000 -> #DIV/0!
U92: =AVERAGE(U69:U90) -> #DIV/0!
G94: Mínimo | H94: Máximo
A95: KARL | B95: TEMPERATURA | G95: =$G$31 -> 20 | H95: =$H$31 -> 29 | Q95: =AVERAGE(K95,M95,O95) -> #DIV/0! | V95: =AVERAGE(S100:S101) -> 8.5
A96: MAYER | B96: HUMEDAD | G96: =$G$32 -> 60 | H96: =$H$32 -> 75 | Q96: =AVERAGE(K96,M96,O96) -> #DIV/0! | S96: MAQUINAS TRABAJANDO | V96: =COUNT(S100:S101) -> 2
K98: Marcador | M98: Marcador | O98: Marcas | S98: Horas | U98: Eficiencia
A99: Observaciones | B99: R | C99: P | D99: L | E99: tiempo | H99: vel | I99: telar | K99: Inicial | M99: Final | S99: 8.5
I100: 401 | K100: ='25 ABRIL (SABADO)'!M100 -> 0 | M100: =K100+O100 -> 0 | S100: =+S99 -> 8.5 | U100: =O100/(H100*60*S100)*100000 -> #DIV/0!
I101: 402 | K101: ='25 ABRIL (SABADO)'!M101 -> 0 | M101: =K101+O101 -> 0 | S101: =+S99 -> 8.5 | U101: =O101/(H101*60*S101)*100000 -> #DIV/0!
U103: =AVERAGE(U100:U101) -> #DIV/0!
A107: SEGUNDO TURNO SEGUNDO TURNO SEGUNDO TURNO
A108: 2 TURNO | B108: HORARIO: | K108: SUPERVISOR: | R108: DIA: | W108: FECHA:
A110: COMENTARIO DE PERSONAL
A114: F=FALTA, P=PERMISO, R=RETARDO, C=CASTIGO, I=INCAPACIDAD, V=VACACIONES, FL=FESTIVO LABORADO, FD=FESTIVO DESCANSADO, CL=CAMBIO DE LUGAR, B=BAJA, CT=CAMBIO DE TURNO
A116: Observaciones:
G119: Mínimo | H119: Máximo
A120: JACQUARD | B120: TEMPERATURA | G120: =$G$31 -> 20 | H120: =$H$31 -> 29 | Q120: =AVERAGE(K120,M120,O120) -> #DIV/0! | V120: =AVERAGE(S125:S130) -> 7
A121: SULZER | B121: HUMEDAD | G121: =$G$32 -> 60 | H121: =$H$32 -> 75 | Q121: =AVERAGE(K121,M121,O121) -> #DIV/0! | S121: MAQUINAS TRABAJANDO | V121: =COUNT(S125:S130) -> 6
K123: Marcador | M123: Marcador | O123: Marcas | S123: Horas | U123: Eficiencia | W123: Temp.
A124: Observaciones | B124: R | C124: P | D124: L | E124: tiempo | H124: vel | I124: telar | K124: Inicial | M124: Final | S124: 7
I125: 207 | K125: ='25 ABRIL (SABADO)'!M125 -> 488245.4 | M125: =K125+O125 -> 488245.4 | S125: =+S124 -> 7 | U125: =O125/(H125*60*S125)*100000 -> #DIV/0!
I126: 208 | K126: ='25 ABRIL (SABADO)'!M126 -> 549507.6 | M126: =K126+O126 -> 549507.6 | S126: =+S125 -> 7 | U126: =O126/(H126*60*S126)*100000 -> #DIV/0!
I127: 209 | K127: ='25 ABRIL (SABADO)'!M127 -> 526282.4 | M127: =K127+O127 -> 526282.4 | S127: =+S126 -> 7 | U127: =O127/(H127*60*S127)*100000 -> #DIV/0!
I128: 210 | K128: ='25 ABRIL (SABADO)'!M128 -> 604214 | M128: =K128+O128 -> 604214 | S128: =+S127 -> 7 | U128: =O128/(H128*60*S128)*100000 -> #DIV/0!
I129: 211 | K129: ='25 ABRIL (SABADO)'!M129 -> 650429 | M129: =K129+O129 -> 650429 | S129: =+S128 -> 7 | U129: =O129/(H129*60*S129)*100000 -> #DIV/0!
I130: 212 | K130: ='25 ABRIL (SABADO)'!M130 -> 0 | M130: =K130+O130 -> 0 | S130: =+S129 -> 7 | U130: =O130/(H130*60*S130)*100000 -> #DIV/0!
U132: =AVERAGE(U125:U130) -> #DIV/0! | W132: =AVERAGE(W125:W130) -> #DIV/0!
G134: Mínimo | H134: Máximo
A135: JACQUARD | B135: TEMPERATURA | G135: =$G$31 -> 20 | H135: =$H$31 -> 29 | Q135: =AVERAGE(K135,M135,O135) -> #DIV/0! | V135: =AVERAGE(S140:S148) -> 7
A136: SMIT | B136: HUMEDAD | G136: =$G$32 -> 60 | H136: =$H$32 -> 75 | Q136: =AVERAGE(K136,M136,O136) -> #DIV/0! | S136: MAQUINAS TRABAJANDO | V136: =COUNT(S140:S148) -> 9
K138: Marcador | M138: Marcador | O138: Marcas | S138: Horas | U138: Eficiencia | W138: Temp.
A139: Observaciones | B139: R | C139: P | D139: L | E139: tiempo | H139: vel | I139: telar | K139: Inicial | M139: Final | S139: 7
I140: 201 | K140: ='25 ABRIL (SABADO)'!M140 -> 566234.3 | M140: =K140+O140 -> 566234.3 | S140: =+S139 -> 7 | U140: =O140/(H140*60*S140)*100000 -> #DIV/0!
I141: 202 | K141: ='25 ABRIL (SABADO)'!M141 -> 656588.2 | M141: =K141+O141 -> 656588.2 | S141: =+S140 -> 7 | U141: =O141/(H141*60*S141)*100000 -> #DIV/0!
I142: 203 | K142: ='25 ABRIL (SABADO)'!M142 -> 566883.3 | M142: =K142+O142 -> 566883.3 | S142: =+S141 -> 7 | U142: =O142/(H142*60*S142)*100000 -> #DIV/0!
I143: 204 | K143: ='25 ABRIL (SABADO)'!M143 -> 575772.8 | M143: =K143+O143 -> 575772.8 | S143: =+S142 -> 7 | U143: =O143/(H143*60*S143)*100000 -> #DIV/0!
I144: 205 | K144: ='25 ABRIL (SABADO)'!M144 -> 571272.3 | M144: =K144+O144 -> 571272.3 | S144: =+S143 -> 7 | U144: =O144/(H144*60*S144)*100000 -> #DIV/0!
I145: 206 | K145: ='25 ABRIL (SABADO)'!M145 -> 602026 | M145: =K145+O145 -> 602026 | S145: =+S144 -> 7 | U145: =O145/(H145*60*S145)*100000 -> #DIV/0!
I146: 213 | K146: ='25 ABRIL (SABADO)'!M146 -> 556791.34 | M146: =K146+O146 -> 556791.34 | S146: =+S145 -> 7 | U146: =O146/(H146*60*S146)*100000 -> #DIV/0!
I147: 214 | K147: ='25 ABRIL (SABADO)'!M147 -> 574556.6 | M147: =K147+O147 -> 574556.6 | S147: =+S146 -> 7 | U147: =O147/(H147*60*S147)*100000 -> #DIV/0!
I148: 215 | K148: ='25 ABRIL (SABADO)'!M148 -> 611004.4 | M148: =K148+O148 -> 611004.4 | S148: =+S147 -> 7 | U148: =O148/(H148*60*S148)*100000 -> #DIV/0!
U150: =AVERAGE(U140:U148) -> #DIV/0! | W150: =AVERAGE(W140:W147) -> #DIV/0!
G152: Mínimo | H152: Máximo
A153: SMIT LISO | B153: TEMPERATURA | G153: =$G$31 -> 20 | H153: =$H$31 -> 29 | Q153: =AVERAGE(K153,M153,O153) -> #DIV/0! | V153: =AVERAGE(S158:S179) -> 7
...

Sheet 25 ABRIL (SABADO)
A2: =TODAY()-1 -> 46133
I4: Turno | K4: Jaq | M4: Smit | O4: 300 | Q4: Karl M
I5: 1ro. | K5: =U43 -> #DIV/0! | M5: =U61 -> #DIV/0! | O5: =U92 -> #DIV/0! | Q5: =U103 -> #DIV/0!
A7: RESUMEN DE EFICIENCIAS | I7: 2do. | K7: =U132 -> #DIV/0! | M7: =U150 -> #DIV/0! | O7: =U181 -> #DIV/0! | Q7: =U192 -> #DIV/0!
I9: 3er | K9: =+U221 -> #DIV/0! | M9: =+U239 -> #DIV/0! | O9: =+U270 -> #DIV/0! | Q9: =U281 -> #DIV/0!
I11: 4to. | K11: =+U310 -> 0 | M11: =+U328 -> 0 | O11: =+U359 -> 0 | Q11: =U343 -> 0
H13: Promedio | K13: =(K11+K9+K7+K5)/3 -> #DIV/0! | M13: =(M11+M9+M7+M5)/3 -> #DIV/0! | O13: =(O11+O9+O7+O5)/3 -> #DIV/0! | Q13: =(Q11+Q9+Q7+Q5)/3 -> #DIV/0!
A18: PRIMER TURNO PRIMER TURNO PRIMER TURNO
A19: 1 TURNO | B19: HORARIO: | K19: SUPERVISOR: | R19: DIA: | W19: FECHA:
A21: COMENTARIO DE PERSONAL
A25: F=FALTA, P=PERMISO, R=RETARDO, C=CASTIGO, I=INCAPACIDAD, V=VACACIONES, FL=FESTIVO LABORADO, FD=FESTIVO DESCANSADO, CL=CAMBIO DE LUGAR, B=BAJA, CT=CAMBIO DE TURNO
A27: Observaciones:
G30: Mínimo | H30: Máximo
A31: JACQUARD | B31: TEMPERATURA | G31: ='24 ABRIL (VIERNES)'!G31 -> 20 | H31: ='24 ABRIL (VIERNES)'!H31 -> 29 | Q31: =AVERAGE(K31,M31,O31) -> #DIV/0! | V31: =AVERAGE(S36:S41) -> 8.5
A32: SULZER | B32: HUMEDAD | G32: ='24 ABRIL (VIERNES)'!G32 -> 60 | H32: ='24 ABRIL (VIERNES)'!H32 -> 75 | Q32: =AVERAGE(K32,M32,O32) -> #DIV/0! | S32: MAQUINAS TRABAJANDO | V32: =COUNT(S36:S41) -> 6
K34: Marcador | M34: Marcador | O34: Marcas | S34: Horas | U34: Eficiencia | W34: Temp.
A35: Observaciones | B35: R | C35: P | D35: L | E35: tiempo | H35: vel | I35: telar | K35: Inicial | M35: Final | S35: 8.5
I36: 207 | K36: ='24 ABRIL (VIERNES)'!M36 -> 553941 | M36: =K36+O36 -> 553941 | S36: =+S35 -> 8.5 | U36: =O36/(H36*60*S36)*100000 -> #DIV/0!
I37: 208 | K37: ='24 ABRIL (VIERNES)'!M37 -> 617577 | M37: =K37+O37 -> 617577 | S37: =+S36 -> 8.5 | U37: =O37/(H37*60*S37)*100000 -> #DIV/0!
I38: 209 | K38: ='24 ABRIL (VIERNES)'!M38 -> 595396 | M38: =K38+O38 -> 595396 | S38: =+S37 -> 8.5 | U38: =O38/(H38*60*S38)*100000 -> #DIV/0!
I39: 210 | K39: ='24 ABRIL (VIERNES)'!M39 -> 682073.4 | M39: =K39+O39 -> 682073.4 | S39: =+S38 -> 8.5 | U39: =O39/(H39*60*S39)*100000 -> #DIV/0!
I40: 211 | K40: ='24 ABRIL (VIERNES)'!M40 -> 739209.5 | M40: =K40+O40 -> 739209.5 | S40: =+S39 -> 8.5 | U40: =O40/(H40*60*S40)*100000 -> #DIV/0!
I41: 212 | K41: ='24 ABRIL (VIERNES)'!M41 -> 0 | M41: =K41+O41 -> 0 | S41: =+S40 -> 8.5 | U41: =O41/(H41*60*S41)*100000 -> #DIV/0!
U43: =AVERAGE(U36:U41) -> #DIV/0! | W43: =AVERAGE(W36:W41) -> #DIV/0!
G45: Mínimo | H45: Máximo
A46: JACQUARD | B46: TEMPERATURA | G46: =$G$31 -> 20 | H46: =$H$31 -> 29 | Q46: =AVERAGE(K46,M46,O46) -> #DIV/0! | V46: =AVERAGE(S51:S59) -> 8.5
A47: SMIT | B47: HUMEDAD | G47: =$G$32 -> 60 | H47: =$H$32 -> 75 | Q47: =AVERAGE(K47,M47,O47) -> #DIV/0! | S47: MAQUINAS TRABAJANDO | V47: =COUNT(S51:S59) -> 9
K49: Marcador | M49: Marcador | O49: Marcas | S49: Horas | U49: Eficiencia | W49: Temp.
A50: Observaciones | B50: R | C50: P | D50: L | E50: tiempo | H50: vel | I50: telar | K50: Inicial | M50: Final | S50: 8.5
I51: 201 | K51: ='24 ABRIL (VIERNES)'!M51 -> 647180.6 | M51: =K51+O51 -> 647180.6 | S51: =+S50 -> 8.5 | U51: =O51/(H51*60*S51)*100000 -> #DIV/0!
I52: 202 | K52: ='24 ABRIL (VIERNES)'!M52 -> 753490.7 | M52: =K52+O52 -> 753490.7 | S52: =+S51 -> 8.5 | U52: =O52/(H52*60*S52)*100000 -> #DIV/0!
I53: 203 | K53: ='24 ABRIL (VIERNES)'!M53 -> 654637.8 | M53: =K53+O53 -> 654637.8 | S53: =+S52 -> 8.5 | U53: =O53/(H53*60*S53)*100000 -> #DIV/0!
I54: 204 | K54: ='24 ABRIL (VIERNES)'!M54 -> 662768.7 | M54: =K54+O54 -> 662768.7 | S54: =+S53 -> 8.5 | U54: =O54/(H54*60*S54)*100000 -> #DIV/0!
I55: 205 | K55: ='24 ABRIL (VIERNES)'!M55 -> 647848.7 | M55: =K55+O55 -> 647848.7 | S55: =+S54 -> 8.5 | U55: =O55/(H55*60*S55)*100000 -> #DIV/0!
I56: 206 | K56: ='24 ABRIL (VIERNES)'!M56 -> 677636.3 | M56: =K56+O56 -> 677636.3 | S56: =+S55 -> 8.5 | U56: =O56/(H56*60*S56)*100000 -> #DIV/0!
I57: 213 | K57: ='24 ABRIL (VIERNES)'!M57 -> 633388.9 | M57: =K57+O57 -> 633388.9 | S57: =+S56 -> 8.5 | U57: =O57/(H57*60*S57)*100000 -> #DIV/0!
I58: 214 | K58: ='24 ABRIL (VIERNES)'!M58 -> 657550.9 | M58: =K58+O58 -> 657550.9 | S58: =+S57 -> 8.5 | U58: =O58/(H58*60*S58)*100000 -> #DIV/0!
I59: 215 | K59: ='24 ABRIL (VIERNES)'!M59 -> 694890.2 | M59: =K59+O59 -> 694890.2 | S59: =+S58 -> 8.5 | U59: =O59/(H59*60*S59)*100000 -> #DIV/0!
U61: =AVERAGE(U51:U59) -> #DIV/0! | W61: =AVERAGE(W51:W58) -> #DIV/0!
G63: Mínimo | H63: Máximo
A64: SMIT LISO | B64: TEMPERATURA | G64: =$G$31 -> 20 | H64: =$H$31 -> 29 | Q64: =AVERAGE(K64,M64,O64) -> #DIV/0! | V64: =AVERAGE(S69:S90) -> 8.5
A65: 300 | B65: HUMEDAD | G65: =$G$32 -> 60 | H65: =$H$32 -> 75 | Q65: =AVERAGE(K65,M65,O65) -> #DIV/0! | S65: MAQUINAS TRABAJANDO | V65: =COUNT(S69:S90) -> 22
K67: Marcador | M67: Marcador | O67: Marcas | S67: Horas | U67: Eficiencia
A68: Observaciones | B68: R | C68: P | D68: L | E68: tiempo | H68: vel | I68: telar | K68: Inicial | M68: Final | S68: 8.5
I69: 299 | K69: ='24 ABRIL (VIERNES)'!M69 -> 388771.3 | M69: =K69+O69 -> 388771.3 | S69: =+S68 -> 8.5 | U69: =O69/(H69*60*S69)*100000 -> #DIV/0!
I70: 300 | K70: ='24 ABRIL (VIERNES)'!M70 -> 370420.9 | M70: =K70+O70 -> 370420.9 | S70: =+S69 -> 8.5 | U70: =O70/(H70*60*S70)*100000 -> #DIV/0!
I71: 301 | K71: ='24 ABRIL (VIERNES)'!M71 -> 403845 | M71: =K71+O71 -> 403845 | S71: =+S70 -> 8.5 | U71: =O71/(H71*60*S71)*100000 -> #DIV/0!
I72: 302 | K72: ='24 ABRIL (VIERNES)'!M72 -> 407494 | M72: =K72+O72 -> 407494 | S72: =+S71 -> 8.5 | U72: =O72/(H72*60*S72)*100000 -> #DIV/0!
I73: 303 | K73: ='24 ABRIL (VIERNES)'!M73 -> 407526.5 | M73: =K73+O73 -> 407526.5 | S73: =+S72 -> 8.5 | U73: =O73/(H73*60*S73)*100000 -> #DIV/0!
I74: 304 | K74: ='24 ABRIL (VIERNES)'!M74 -> 414575 | M74: =K74+O74 -> 414575 | S74: =+S73 -> 8.5 | U74: =O74/(H74*60*S74)*100000 -> #DIV/0!
I75: 305 | K75: ='24 ABRIL (VIERNES)'!M75 -> 679975.4 | M75: =K75+O75 -> 679975.4 | S75: =+S74 -> 8.5 | U75: =O75/(H75*60*S75)*100000 -> #DIV/0!
I76: 306 | K76: ='24 ABRIL (VIERNES)'!M76 -> 646926.8 | M76: =K76+O76 -> 646926.8 | S76: =+S75 -> 8.5 | U76: =O76/(H76*60*S76)*100000 -> #DIV/0!
I77: 307 | K77: ='24 ABRIL (VIERNES)'!M77 -> 712585.1 | M77: =K77+O77 -> 712585.1 | S77: =+S76 -> 8.5 | U77: =O77/(H77*60*S77)*100000 -> #DIV/0!
I78: 308 | K78: ='24 ABRIL (VIERNES)'!M78 -> 671547.5 | M78: =K78+O78 -> 671547.5 | S78: =+S77 -> 8.5 | U78: =O78/(H78*60*S78)*100000 -> #DIV/0!
I79: 309 | K79: ='24 ABRIL (VIERNES)'!M79 -> 671095.4 | M79: =K79+O79 -> 671095.4 | S79: =+S78 -> 8.5 | U79: =O79/(H79*60*S79)*100000 -> #DIV/0!
I80: 310 | K80: ='24 ABRIL (VIERNES)'!M80 -> 635836.8 | M80: =K80+O80 -> 635836.8 | S80: =+S79 -> 8.5 | U80: =O80/(H80*60*S80)*100000 -> #DIV/0!
... I90: 320 | K90: ='24 ABRIL (VIERNES)'!M90 -> 389267.3 | M90: =K90+O90 -> 389267.3 | S90: =+S89 -> 8.5 | U90: =O90/(H90*60*S90)*100000 -> #DIV/0!
U92: =AVERAGE(U69:U90) -> #DIV/0!
G94: Mínimo | H94: Máximo
A95: KARL | B95: TEMPERATURA | G95: =$G$31 -> 20 | H95: =$H$31 -> 29 | Q95: =AVERAGE(K95,M95,O95) -> #DIV/0! | V95: =AVERAGE(S100:S101) -> 8.5
A96: MAYER | B96: HUMEDAD | G96: =$G$32 -> 60 | H96: =$H$32 -> 75 | Q96: =AVERAGE(K96,M96,O96) -> #DIV/0! | S96: MAQUINAS TRABAJANDO | V96: =COUNT(S100:S101) -> 2
K98: Marcador | M98: Marcador | O98: Marcas | S98: Horas | U98: Eficiencia
A99: Observaciones | B99: R | C99: P | D99: L | E99: tiempo | H99: vel | I99: telar | K99: Inicial | M99: Final | S99: 8.5
I100: 401 | K100: ='24 ABRIL (VIERNES)'!M100 -> 0 | M100: =K100+O100 -> 0 | S100: =+S99 -> 8.5 | U100: =O100/(H100*60*S100)*100000 -> #DIV/0!
I101: 402 | K101: ='24 ABRIL (VIERNES)'!M101 -> 0 | M101: =K101+O101 -> 0 | S101: =+S99 -> 8.5 | U101: =O101/(H101*60*S101)*100000 -> #DIV/0!
U103: =AVERAGE(U100:U101) -> #DIV/0!
A107: SEGUNDO TURNO SEGUNDO TURNO SEGUNDO TURNO
A108: 2 TURNO | B108: HORARIO: | K108: SUPERVISOR: | R108: DIA: | W108: FECHA:
A110: COMENTARIO DE PERSONAL
A114: F=FALTA, P=PERMISO, R=RETARDO, C=CASTIGO, I=INCAPACIDAD, V=VACACIONES, FL=FESTIVO LABORADO, FD=FESTIVO DESCANSADO, CL=CAMBIO DE LUGAR, B=BAJA, CT=CAMBIO DE TURNO
A116: Observaciones:
G119: Mínimo | H119: Máximo
A120: JACQUARD | B120: TEMPERATURA | G120: =$G$31 -> 20 | H120: =$H$31 -> 29 | Q120: =AVERAGE(K120,M120,O120) -> #DIV/0! | V120: =AVERAGE(S125:S130) -> 7
A121: SULZER | B121: HUMEDAD | G121: =$G$32 -> 60 | H121: =$H$32 -> 75 | Q121: =AVERAGE(K121,M121,O121) -> #DIV/0! | S121: MAQUINAS TRABAJANDO | V121: =COUNT(S125:S130) -> 6
K123: Marcador | M123: Marcador | O123: Marcas | S123: Horas | U123: Eficiencia | W123: Temp.
A124: Observaciones | B124: R | C124: P | D124: L | E124: tiempo | H124: vel | I124: telar | K124: Inicial | M124: Final | S124: 7
I125: 207 | K125: ='24 ABRIL (VIERNES)'!M125 -> 488245.4 | M125: =K125+O125 -> 488245.4 | S125: =+S124 -> 7 | U125: =O125/(H125*60*S125)*100000 -> #DIV/0!
I126: 208 | K126: ='24 ABRIL (VIERNES)'!M126 -> 549507.6 | M126: =K126+O126 -> 549507.6 | S126: =+S125 -> 7 | U126: =O126/(H126*60*S126)*100000 -> #DIV/0!
I127: 209 | K127: ='24 ABRIL (VIERNES)'!M127 -> 526282.4 | M127: =K127+O127 -> 526282.4 | S127: =+S126 -> 7 | U127: =O127/(H127*60*S127)*100000 -> #DIV/0!
I128: 210 | K128: ='24 ABRIL (VIERNES)'!M128 -> 604214 | M128: =K128+O128 -> 604214 | S128: =+S127 -> 7 | U128: =O128/(H128*60*S128)*100000 -> #DIV/0!
I129: 211 | K129: ='24 ABRIL (VIERNES)'!M129 -> 650429 | M129: =K129+O129 -> 650429 | S129: =+S128 -> 7 | U129: =O129/(H129*60*S129)*100000 -> #DIV/0!
I130: 212 | K130: ='24 ABRIL (VIERNES)'!M130 -> 0 | M130: =K130+O130 -> 0 | S130: =+S129 -> 7 | U130: =O130/(H130*60*S130)*100000 -> #DIV/0!
U132: =AVERAGE(U125:U130) -> #DIV/0! | W132: =AVERAGE(W125:W130) -> #DIV/0!
G134: Mínimo | H134: Máximo
A135: JACQUARD | B135: TEMPERATURA | G135: =$G$31 -> 20 | H135: =$H$31 -> 29 | Q135: =AVERAGE(K135,M135,O135) -> #DIV/0! | V135: =AVERAGE(S140:S148) -> 7
A136: SMIT | B136: HUMEDAD | G136: =$G$32 -> 60 | H136: =$H$32 -> 75 | Q136: =AVERAGE(K136,M136,O136) -> #DIV/0! | S136: MAQUINAS TRABAJANDO | V136: =COUNT(S140:S148) -> 9
K138: Marcador | M138: Marcador | O138: Marcas | S138: Horas | U138: Eficiencia | W138: Temp.
A139: Observaciones | B139: R | C139: P | D139: L | E139: tiempo | H139: vel | I139: telar | K139: Inicial | M139: Final | S139: 7
I140: 201 | K140: ='24 ABRIL (VIERNES)'!M140 -> 566234.3 | M140: =K140+O140 -> 566234.3 | S140: =+S139 -> 7 | U140: =O140/(H140*60*S140)*100000 -> #DIV/0!
I141: 202 | K141: ='24 ABRIL (VIERNES)'!M141 -> 656588.2 | M141: =K141+O141 -> 656588.2 | S141: =+S140 -> 7 | U141: =O141/(H141*60*S141)*100000 -> #DIV/0!
I142: 203 | K142: ='24 ABRIL (VIERNES)'!M142 -> 566883.3 | M142: =K142+O142 -> 566883.3 | S142: =+S141 -> 7 | U142: =O142/(H142*60*S142)*100000 -> #DIV/0!
I143: 204 | K143: ='24 ABRIL (VIERNES)'!M143 -> 575772.8 | M143: =K143+O143 -> 575772.8 | S143: =+S142 -> 7 | U143: =O143/(H143*60*S143)*100000 -> #DIV/0!
I144: 205 | K144: ='24 ABRIL (VIERNES)'!M144 -> 571272.3 | M144: =K144+O144 -> 571272.3 | S144: =+S143 -> 7 | U144: =O144/(H144*60*S144)*100000 -> #DIV/0!
I145: 206 | K145: ='24 ABRIL (VIERNES)'!M145 -> 602026 | M145: =K145+O145 -> 602026 | S145: =+S144 -> 7 | U145: =O145/(H145*60*S145)*100000 -> #DIV/0!
I146: 213 | K146: ='24 ABRIL (VIERNES)'!M146 -> 556791.34 | M146: =K146+O146 -> 556791.34 | S146: =+S145 -> 7 | U146: =O146/(H146*60*S146)*100000 -> #DIV/0!
I147: 214 | K147: ='24 ABRIL (VIERNES)'!M147 -> 574556.6 | M147: =K147+O147 -> 574556.6 | S147: =+S146 -> 7 | U147: =O147/(H147*60*S147)*100000 -> #DIV/0!
I148: 215 | K148: ='24 ABRIL (VIERNES)'!M148 -> 611004.4 | M148: =K148+O148 -> 611004.4 | S148: =+S147 -> 7 | U148: =O148/(H148*60*S148)*100000 -> #DIV/0!
U150: =AVERAGE(U140:U148) -> #DIV/0! | W150: =AVERAGE(W140:W147) -> #DIV/0!
G152: Mínimo | H152: Máximo
A153: SMIT LISO | B153: TEMPERATURA | G153: =$G$31 -> 20 | H153: =$H$31 -> 29 | Q153: =AVERAGE(K153,M153,O153) -> #DIV/0! | V153: =AVERAGE(S158:S179) -> 7
...

Sheet 24 ABRIL (VIERNES)
A2: =TODAY()-1 -> 46133
I4: Turno | K4: Jaq | M4: Smit | O4: 300 | Q4: Karl M
I5: 1ro. | K5: =U43 -> #DIV/0! | M5: =U61 -> #DIV/0! | O5: =U92 -> #DIV/0! | Q5: =U103 -> #DIV/0!
A7: RESUMEN DE EFICIENCIAS | I7: 2do. | K7: =U132 -> #DIV/0! | M7: =U150 -> #DIV/0! | O7: =U181 -> #DIV/0! | Q7: =U192 -> #DIV/0!
I9: 3er | K9: =+U221 -> #DIV/0! | M9: =+U239 -> #DIV/0! | O9: =+U270 -> #DIV/0! | Q9: =U281 -> #DIV/0!
I11: 4to. | K11: =+U310 -> 0 | M11: =+U328 -> 0 | O11: =+U359 -> 0 | Q11: =U343 -> 0
H13: Promedio | K13: =(K11+K9+K7+K5)/3 -> #DIV/0! | M13: =(M11+M9+M7+M5)/3 -> #DIV/0! | O13: =(O11+O9+O7+O5)/3 -> #DIV/0! | Q13: =(Q11+Q9+Q7+Q5)/3 -> #DIV/0!
A18: PRIMER TURNO PRIMER TURNO PRIMER TURNO
A19: 1 TURNO | B19: HORARIO: | K19: SUPERVISOR: | R19: DIA: | W19: FECHA:
A21: COMENTARIO DE PERSONAL
A25: F=FALTA, P=PERMISO, R=RETARDO, C=CASTIGO, I=INCAPACIDAD, V=VACACIONES, FL=FESTIVO LABORADO, FD=FESTIVO DESCANSADO, CL=CAMBIO DE LUGAR, B=BAJA, CT=CAMBIO DE TURNO
A27: Observaciones:
G30: Mínimo | H30: Máximo
A31: JACQUARD | B31: TEMPERATURA | G31: ='23 ABRIL (JUEVES)'!G31 -> 20 | H31: ='23 ABRIL (JUEVES)'!H31 -> 29 | Q31: =AVERAGE(K31,M31,O31) -> #DIV/0! | V31: =AVERAGE(S36:S41) -> 8.5
A32: SULZER | B32: HUMEDAD | G32: ='23 ABRIL (JUEVES)'!G32 -> 60 | H32: ='23 ABRIL (JUEVES)'!H32 -> 75 | Q32: =AVERAGE(K32,M32,O32) -> #DIV/0! | S32: MAQUINAS TRABAJANDO | V32: =COUNT(S36:S41) -> 6
K34: Marcador | M34: Marcador | O34: Marcas | S34: Horas | U34: Eficiencia | W34: Temp.
A35: Observaciones | B35: R | C35: P | D35: L | E35: tiempo | H35: vel | I35: telar | K35: Inicial | M35: Final | S35: 8.5
I36: 207 | K36: ='23 ABRIL (JUEVES)'!M36 -> 553941 | M36: =K36+O36 -> 553941 | S36: =+S35 -> 8.5 | U36: =O36/(H36*60*S36)*100000 -> #DIV/0!
I37: 208 | K37: ='23 ABRIL (JUEVES)'!M37 -> 617577 | M37: =K37+O37 -> 617577 | S37: =+S36 -> 8.5 | U37: =O37/(H37*60*S37)*100000 -> #DIV/0!
I38: 209 | K38: ='23 ABRIL (JUEVES)'!M38 -> 595396 | M38: =K38+O38 -> 595396 | S38: =+S37 -> 8.5 | U38: =O38/(H38*60*S38)*100000 -> #DIV/0!
I39: 210 | K39: ='23 ABRIL (JUEVES)'!M39 -> 682073.4 | M39: =K39+O39 -> 682073.4 | S39: =+S38 -> 8.5 | U39: =O39/(H39*60*S39)*100000 -> #DIV/0!
I40: 211 | K40: ='23 ABRIL (JUEVES)'!M40 -> 739209.5 | M40: =K40+O40 -> 739209.5 | S40: =+S39 -> 8.5 | U40: =O40/(H40*60*S40)*100000 -> #DIV/0!
I41: 212 | K41: ='23 ABRIL (JUEVES)'!M41 -> 0 | M41: =K41+O41 -> 0 | S41: =+S40 -> 8.5 | U41: =O41/(H41*60*S41)*100000 -> #DIV/0!
U43: =AVERAGE(U36:U41) -> #DIV/0! | W43: =AVERAGE(W36:W41) -> #DIV/0!
G45: Mínimo | H45: Máximo
A46: JACQUARD | B46: TEMPERATURA | G46: =$G$31 -> 20 | H46: =$H$31 -> 29 | Q46: =AVERAGE(K46,M46,O46) -> #DIV/0! | V46: =AVERAGE(S51:S59) -> 8.5
A47: SMIT | B47: HUMEDAD | G47: =$G$32 -> 60 | H47: =$H$32 -> 75 | Q47: =AVERAGE(K47,M47,O47) -> #DIV/0! | S47: MAQUINAS TRABAJANDO | V47: =COUNT(S51:S59) -> 9
K49: Marcador | M49: Marcador | O49: Marcas | S49: Horas | U49: Eficiencia | W49: Temp.
A50: Observaciones | B50: R | C50: P | D50: L | E50: tiempo | H50: vel | I50: telar | K50: Inicial | M50: Final | S50: 8.5
I51: 201 | K51: ='23 ABRIL (JUEVES)'!M51 -> 647180.6 | M51: =K51+O51 -> 647180.6 | S51: =+S50 -> 8.5 | U51: =O51/(H51*60*S51)*100000 -> #DIV/0!
I52: 202 | K52: ='23 ABRIL (JUEVES)'!M52 -> 753490.7 | M52: =K52+O52 -> 753490.7 | S52: =+S51 -> 8.5 | U52: =O52/(H52*60*S52)*100000 -> #DIV/0!
I53: 203 | K53: ='23 ABRIL (JUEVES)'!M53 -> 654637.8 | M53: =K53+O53 -> 654637.8 | S53: =+S52 -> 8.5 | U53: =O53/(H53*60*S53)*100000 -> #DIV/0!
I54: 204 | K54: ='23 ABRIL (JUEVES)'!M54 -> 662768.7 | M54: =K54+O54 -> 662768.7 | S54: =+S53 -> 8.5 | U54: =O54/(H54*60*S54)*100000 -> #DIV/0!
I55: 205 | K55: ='23 ABRIL (JUEVES)'!M55 -> 647848.7 | M55: =K55+O55 -> 647848.7 | S55: =+S54 -> 8.5 | U55: =O55/(H55*60*S55)*100000 -> #DIV/0!
I56: 206 | K56: ='23 ABRIL (JUEVES)'!M56 -> 677636.3 | M56: =K56+O56 -> 677636.3 | S56: =+S55 -> 8.5 | U56: =O56/(H56*60*S56)*100000 -> #DIV/0!
I57: 213 | K57: ='23 ABRIL (JUEVES)'!M57 -> 633388.9 | M57: =K57+O57 -> 633388.9 | S57: =+S56 -> 8.5 | U57: =O57/(H57*60*S57)*100000 -> #DIV/0!
I58: 214 | K58: ='23 ABRIL (JUEVES)'!M58 -> 657550.9 | M58: =K58+O58 -> 657550.9 | S58: =+S57 -> 8.5 | U58: =O58/(H58*60*S58)*100000 -> #DIV/0!
I59: 215 | K59: ='23 ABRIL (JUEVES)'!M59 -> 694890.2 | M59: =K59+O59 -> 694890.2 | S59: =+S58 -> 8.5 | U59: =O59/(H59*60*S59)*100000 -> #DIV/0!
U61: =AVERAGE(U51:U59) -> #DIV/0! | W61: =AVERAGE(W51:W58) -> #DIV/0!
G63: Mínimo | H63: Máximo
A64: SMIT LISO | B64: TEMPERATURA | G64: =$G$31 -> 20 | H64: =$H$31 -> 29 | Q64: =AVERAGE(K64,M64,O64) -> #DIV/0! | V64: =AVERAGE(S69:S90) -> 8.5
A65: 300 | B65: HUMEDAD | G65: =$G$32 -> 60 | H65: =$H$32 -> 75 | Q65: =AVERAGE(K65,M65,O65) -> #DIV/0! | S65: MAQUINAS TRABAJANDO | V65: =COUNT(S69:S90) -> 22
K67: Marcador | M67: Marcador | O67: Marcas | S67: Horas | U67: Eficiencia
A68: Observaciones | B68: R | C68: P | D68: L | E68: tiempo | H68: vel | I68: telar | K68: Inicial | M68: Final | S68: 8.5
I69: 299 | K69: ='23 ABRIL (JUEVES)'!M69 -> 388771.3 | M69: =K69+O69 -> 388771.3 | S69: =+S68 -> 8.5 | U69: =O69/(H69*60*S69)*100000 -> #DIV/0!
I70: 300 | K70: ='23 ABRIL (JUEVES)'!M70 -> 370420.9 | M70: =K70+O70 -> 370420.9 | S70: =+S69 -> 8.5 | U70: =O70/(H70*60*S70)*100000 -> #DIV/0!
I71: 301 | K71: ='23 ABRIL (JUEVES)'!M71 -> 403845 | M71: =K71+O71 -> 403845 | S71: =+S70 -> 8.5 | U71: =O71/(H71*60*S71)*100000 -> #DIV/0!
I72: 302 | K72: ='23 ABRIL (JUEVES)'!M72 -> 407494 | M72: =K72+O72 -> 407494 | S72: =+S71 -> 8.5 | U72: =O72/(H72*60*S72)*100000 -> #DIV/0!
I73: 303 | K73: ='23 ABRIL (JUEVES)'!M73 -> 407526.5 | M73: =K73+O73 -> 407526.5 | S73: =+S72 -> 8.5 | U73: =O73/(H73*60*S73)*100000 -> #DIV/0!
I74: 304 | K74: ='23 ABRIL (JUEVES)'!M74 -> 414575 | M74: =K74+O74 -> 414575 | S74: =+S73 -> 8.5 | U74: =O74/(H74*60*S74)*100000 -> #DIV/0!
I75: 305 | K75: ='23 ABRIL (JUEVES)'!M75 -> 679975.4 | M75: =K75+O75 -> 679975.4 | S75: =+S74 -> 8.5 | U75: =O75/(H75*60*S75)*100000 -> #DIV/0!
I76: 306 | K76: ='23 ABRIL (JUEVES)'!M76 -> 646926.8 | M76: =K76+O76 -> 646926.8 | S76: =+S75 -> 8.5 | U76: =O76/(H76*60*S76)*100000 -> #DIV/0!
I77: 307 | K77: ='23 ABRIL (JUEVES)'!M77 -> 712585.1 | M77: =K77+O77 -> 712585.1 | S77: =+S76 -> 8.5 | U77: =O77/(H77*60*S77)*100000 -> #DIV/0!
I78: 308 | K78: ='23 ABRIL (JUEVES)'!M78 -> 671547.5 | M78: =K78+O78 -> 671547.5 | S78: =+S77 -> 8.5 | U78: =O78/(H78*60*S78)*100000 -> #DIV/0!
I79: 309 | K79: ='23 ABRIL (JUEVES)'!M79 -> 671095.4 | M79: =K79+O79 -> 671095.4 | S79: =+S78 -> 8.5 | U79: =O79/(H79*60*S79)*100000 -> #DIV/0!
I80: 310 | K80: ='23 ABRIL (JUEVES)'!M80 -> 635836.8 | M80: =K80+O80 -> 635836.8 | S80: =+S79 -> 8.5 | U80: =O80/(H80*60*S80)*100000 -> #DIV/0!
... I90: 320 | K90: ='23 ABRIL (JUEVES)'!M90 -> 389267.3 | M90: =K90+O90 -> 389267.3 | S90: =+S89 -> 8.5 | U90: =O90/(H90*60*S90)*100000 -> #DIV/0!
U92: =AVERAGE(U69:U90) -> #DIV/0!
G94: Mínimo | H94: Máximo
A95: KARL | B95: TEMPERATURA | G95: =$G$31 -> 20 | H95: =$H$31 -> 29 | Q95: =AVERAGE(K95,M95,O95) -> #DIV/0! | V95: =AVERAGE(S100:S101) -> 8.5
A96: MAYER | B96: HUMEDAD | G96: =$G$32 -> 60 | H96: =$H$32 -> 75 | Q96: =AVERAGE(K96,M96,O96) -> #DIV/0! | S96: MAQUINAS TRABAJANDO | V96: =COUNT(S100:S101) -> 2
K98: Marcador | M98: Marcador | O98: Marcas | S98: Horas | U98: Eficiencia
A99: Observaciones | B99: R | C99: P | D99: L | E99: tiempo | H99: vel | I99: telar | K99: Inicial | M99: Final | S99: 8.5
I100: 401 | K100: ='23 ABRIL (JUEVES)'!M100 -> 0 | M100: =K100+O100 -> 0 | S100: =+S99 -> 8.5 | U100: =O100/(H100*60*S100)*100000 -> #DIV/0!
I101: 402 | K101: ='23 ABRIL (JUEVES)'!M101 -> 0 | M101: =K101+O101 -> 0 | S101: =+S99 -> 8.5 | U101: =O101/(H101*60*S101)*100000 -> #DIV/0!
U103: =AVERAGE(U100:U101) -> #DIV/0!
A107: SEGUNDO TURNO SEGUNDO TURNO SEGUNDO TURNO
A108: 2 TURNO | B108: HORARIO: | K108: SUPERVISOR: | R108: DIA: | W108: FECHA:
A110: COMENTARIO DE PERSONAL
A114: F=FALTA, P=PERMISO, R=RETARDO, C=CASTIGO, I=INCAPACIDAD, V=VACACIONES, FL=FESTIVO LABORADO, FD=FESTIVO DESCANSADO, CL=CAMBIO DE LUGAR, B=BAJA, CT=CAMBIO DE TURNO
A116: Observaciones:
G119: Mínimo | H119: Máximo
A120: JACQUARD | B120: TEMPERATURA | G120: =$G$31 -> 20 | H120: =$H$31 -> 29 | Q120: =AVERAGE(K120,M120,O120) -> #DIV/0! | V120: =AVERAGE(S125:S130) -> 7
A121: SULZER | B121: HUMEDAD | G121: =$G$32 -> 60 | H121: =$H$32 -> 75 | Q121: =AVERAGE(K121,M121,O121) -> #DIV/0! | S121: MAQUINAS TRABAJANDO | V121: =COUNT(S125:S130) -> 6
K123: Marcador | M123: Marcador | O123: Marcas | S123: Horas | U123: Eficiencia | W123: Temp.
A124: Observaciones | B124: R | C124: P | D124: L | E124: tiempo | H124: vel | I124: telar | K124: Inicial | M124: Final | S124: 7
I125: 207 | K125: ='23 ABRIL (JUEVES)'!M125 -> 488245.4 | M125: =K125+O125 -> 488245.4 | S125: =+S124 -> 7 | U125: =O125/(H125*60*S125)*100000 -> #DIV/0!
I126: 208 | K126: ='23 ABRIL (JUEVES)'!M126 -> 549507.6 | M126: =K126+O126 -> 549507.6 | S126: =+S125 -> 7 | U126: =O126/(H126*60*S126)*100000 -> #DIV/0!
I127: 209 | K127: ='23 ABRIL (JUEVES)'!M127 -> 526282.4 | M127: =K127+O127 -> 526282.4 | S127: =+S126 -> 7 | U127: =O127/(H127*60*S127)*100000 -> #DIV/0!
I128: 210 | K128: ='23 ABRIL (JUEVES)'!M128 -> 604214 | M128: =K128+O128 -> 604214 | S128: =+S127 -> 7 | U128: =O128/(H128*60*S128)*100000 -> #DIV/0!
I129: 211 | K129: ='23 ABRIL (JUEVES)'!M129 -> 650429 | M129: =K129+O129 -> 650429 | S129: =+S128 -> 7 | U129: =O129/(H129*60*S129)*100000 -> #DIV/0!
I130: 212 | K130: ='23 ABRIL (JUEVES)'!M130 -> 0 | M130: =K130+O130 -> 0 | S130: =+S129 -> 7 | U130: =O130/(H130*60*S130)*100000 -> #DIV/0!
U132: =AVERAGE(U125:U130) -> #DIV/0! | W132: =AVERAGE(W125:W130) -> #DIV/0!
G134: Mínimo | H134: Máximo
A135: JACQUARD | B135: TEMPERATURA | G135: =$G$31 -> 20 | H135: =$H$31 -> 29 | Q135: =AVERAGE(K135,M135,O135) -> #DIV/0! | V135: =AVERAGE(S140:S148) -> 7
A136: SMIT | B136: HUMEDAD | G136: =$G$32 -> 60 | H136: =$H$32 -> 75 | Q136: =AVERAGE(K136,M136,O136) -> #DIV/0! | S136: MAQUINAS TRABAJANDO | V136: =COUNT(S140:S148) -> 9
K138: Marcador | M138: Marcador | O138: Marcas | S138: Horas | U138: Eficiencia | W138: Temp.
A139: Observaciones | B139: R | C139: P | D139: L | E139: tiempo | H139: vel | I139: telar | K139: Inicial | M139: Final | S139: 7
I140: 201 | K140: ='23 ABRIL (JUEVES)'!M140 -> 566234.3 | M140: =K140+O140 -> 566234.3 | S140: =+S139 -> 7 | U140: =O140/(H140*60*S140)*100000 -> #DIV/0!
I141: 202 | K141: ='23 ABRIL (JUEVES)'!M141 -> 656588.2 | M141: =K141+O141 -> 656588.2 | S141: =+S140 -> 7 | U141: =O141/(H141*60*S141)*100000 -> #DIV/0!
I142: 203 | K142: ='23 ABRIL (JUEVES)'!M142 -> 566883.3 | M142: =K142+O142 -> 566883.3 | S142: =+S141 -> 7 | U142: =O142/(H142*60*S142)*100000 -> #DIV/0!
I143: 204 | K143: ='23 ABRIL (JUEVES)'!M143 -> 575772.8 | M143: =K143+O143 -> 575772.8 | S143: =+S142 -> 7 | U143: =O143/(H143*60*S143)*100000 -> #DIV/0!
I144: 205 | K144: ='23 ABRIL (JUEVES)'!M144 -> 571272.3 | M144: =K144+O144 -> 571272.3 | S144: =+S143 -> 7 | U144: =O144/(H144*60*S144)*100000 -> #DIV/0!
I145: 206 | K145: ='23 ABRIL (JUEVES)'!M145 -> 602026 | M145: =K145+O145 -> 602026 | S145: =+S144 -> 7 | U145: =O145/(H145*60*S145)*100000 -> #DIV/0!
I146: 213 | K146: ='23 ABRIL (JUEVES)'!M146 -> 556791.34 | M146: =K146+O146 -> 556791.34 | S146: =+S145 -> 7 | U146: =O146/(H146*60*S146)*100000 -> #DIV/0!
I147: 214 | K147: ='23 ABRIL (JUEVES)'!M147 -> 574556.6 | M147: =K147+O147 -> 574556.6 | S147: =+S146 -> 7 | U147: =O147/(H147*60*S147)*100000 -> #DIV/0!
I148: 215 | K148: ='23 ABRIL (JUEVES)'!M148 -> 611004.4 | M148: =K148+O148 -> 611004.4 | S148: =+S147 -> 7 | U148: =O148/(H148*60*S148)*100000 -> #DIV/0!
U150: =AVERAGE(U140:U148) -> #DIV/0! | W150: =AVERAGE(W140:W147) -> #DIV/0!
G152: Mínimo | H152: Máximo
A153: SMIT LISO | B153: TEMPERATURA | G153: =$G$31 -> 20 | H153: =$H$31 -> 29 | Q153: =AVERAGE(K153,M153,O153) -> #DIV/0! | V153: =AVERAGE(S158:S179) -> 7
...

Sheet 23 ABRIL (JUEVES)
A2: =TODAY()-1 -> 46133
I4: Turno | K4: Jaq | M4: Smit | O4: 300 | Q4: Karl M
I5: 1ro. | K5: =U43 -> #DIV/0! | M5: =U61 -> #DIV/0! | O5: =U92 -> #DIV/0! | Q5: =U103 -> #DIV/0!
A7: RESUMEN DE EFICIENCIAS | I7: 2do. | K7: =U132 -> #DIV/0! | M7: =U150 -> #DIV/0! | O7: =U181 -> #DIV/0! | Q7: =U192 -> #DIV/0!
I9: 3er | K9: =+U221 -> #DIV/0! | M9: =+U239 -> #DIV/0! | O9: =+U270 -> #DIV/0! | Q9: =U281 -> #DIV/0!
I11: 4to. | K11: =+U310 -> 0 | M11: =+U328 -> 0 | O11: =+U359 -> 0 | Q11: =U343 -> 0
H13: Promedio | K13: =(K11+K9+K7+K5)/3 -> #DIV/0! | M13: =(M11+M9+M7+M5)/3 -> #DIV/0! | O13: =(O11+O9+O7+O5)/3 -> #DIV/0! | Q13: =(Q11+Q9+Q7+Q5)/3 -> #DIV/0!
A18: PRIMER TURNO PRIMER TURNO PRIMER TURNO
A19: 1 TURNO | B19: HORARIO: | K19: SUPERVISOR: | R19: DIA: | W19: FECHA:
A21: COMENTARIO DE PERSONAL
A25: F=FALTA, P=PERMISO, R=RETARDO, C=CASTIGO, I=INCAPACIDAD, V=VACACIONES, FL=FESTIVO LABORADO, FD=FESTIVO DESCANSADO, CL=CAMBIO DE LUGAR, B=BAJA, CT=CAMBIO DE TURNO
A27: Observaciones:
G30: Mínimo | H30: Máximo
A31: JACQUARD | B31: TEMPERATURA | G31: ='22 ABRIL (MIERCOLES)'!G31 -> 20 | H31: ='22 ABRIL (MIERCOLES)'!H31 -> 29 | Q31: =AVERAGE(K31,M31,O31) -> #DIV/0! | V31: =AVERAGE(S36:S41) -> 8.5
A32: SULZER | B32: HUMEDAD | G32: ='22 ABRIL (MIERCOLES)'!G32 -> 60 | H32: ='22 ABRIL (MIERCOLES)'!H32 -> 75 | Q32: =AVERAGE(K32,M32,O32) -> #DIV/0! | S32: MAQUINAS TRABAJANDO | V32: =COUNT(S36:S41) -> 6
K34: Marcador | M34: Marcador | O34: Marcas | S34: Horas | U34: Eficiencia | W34: Temp.
A35: Observaciones | B35: R | C35: P | D35: L | E35: tiempo | H35: vel | I35: telar | K35: Inicial | M35: Final | S35: 8.5
I36: 207 | K36: ='22 ABRIL (MIERCOLES)'!M36 -> 553941 | M36: =K36+O36 -> 553941 | S36: =+S35 -> 8.5 | U36: =O36/(H36*60*S36)*100000 -> #DIV/0!
I37: 208 | K37: ='22 ABRIL (MIERCOLES)'!M37 -> 617577 | M37: =K37+O37 -> 617577 | S37: =+S36 -> 8.5 | U37: =O37/(H37*60*S37)*100000 -> #DIV/0!
I38: 209 | K38: ='22 ABRIL (MIERCOLES)'!M38 -> 595396 | M38: =K38+O38 -> 595396 | S38: =+S37 -> 8.5 | U38: =O38/(H38*60*S38)*100000 -> #DIV/0!
I39: 210 | K39: ='22 ABRIL (MIERCOLES)'!M39 -> 682073.4 | M39: =K39+O39 -> 682073.4 | S39: =+S38 -> 8.5 | U39: =O39/(H39*60*S39)*100000 -> #DIV/0!
I40: 211 | K40: ='22 ABRIL (MIERCOLES)'!M40 -> 739209.5 | M40: =K40+O40 -> 739209.5 | S40: =+S39 -> 8.5 | U40: =O40/(H40*60*S40)*100000 -> #DIV/0!
I41: 212 | K41: ='22 ABRIL (MIERCOLES)'!M41 -> 0 | M41: =K41+O41 -> 0 | S41: =+S40 -> 8.5 | U41: =O41/(H41*60*S41)*100000 -> #DIV/0!
U43: =AVERAGE(U36:U41) -> #DIV/0! | W43: =AVERAGE(W36:W41) -> #DIV/0!
G45: Mínimo | H45: Máximo
A46: JACQUARD | B46: TEMPERATURA | G46: =$G$31 -> 20 | H46: =$H$31 -> 29 | Q46: =AVERAGE(K46,M46,O46) -> #DIV/0! | V46: =AVERAGE(S51:S59) -> 8.5
A47: SMIT | B47: HUMEDAD | G47: =$G$32 -> 60 | H47: =$H$32 -> 75 | Q47: =AVERAGE(K47,M47,O47) -> #DIV/0! | S47: MAQUINAS TRABAJANDO | V47: =COUNT(S51:S59) -> 9
K49: Marcador | M49: Marcador | O49: Marcas | S49: Horas | U49: Eficiencia | W49: Temp.
A50: Observaciones | B50: R | C50: P | D50: L | E50: tiempo | H50: vel | I50: telar | K50: Inicial | M50: Final | S50: 8.5
I51: 201 | K51: ='22 ABRIL (MIERCOLES)'!M51 -> 647180.6 | M51: =K51+O51 -> 647180.6 | S51: =+S50 -> 8.5 | U51: =O51/(H51*60*S51)*100000 -> #DIV/0!
I52: 202 | K52: ='22 ABRIL (MIERCOLES)'!M52 -> 753490.7 | M52: =K52+O52 -> 753490.7 | S52: =+S51 -> 8.5 | U52: =O52/(H52*60*S52)*100000 -> #DIV/0!
I53: 203 | K53: ='22 ABRIL (MIERCOLES)'!M53 -> 654637.8 | M53: =K53+O53 -> 654637.8 | S53: =+S52 -> 8.5 | U53: =O53/(H53*60*S53)*100000 -> #DIV/0!
I54: 204 | K54: ='22 ABRIL (MIERCOLES)'!M54 -> 662768.7 | M54: =K54+O54 -> 662768.7 | S54: =+S53 -> 8.5 | U54: =O54/(H54*60*S54)*100000 -> #DIV/0!
I55: 205 | K55: ='22 ABRIL (MIERCOLES)'!M55 -> 647848.7 | M55: =K55+O55 -> 647848.7 | S55: =+S54 -> 8.5 | U55: =O55/(H55*60*S55)*100000 -> #DIV/0!
I56: 206 | K56: ='22 ABRIL (MIERCOLES)'!M56 -> 677636.3 | M56: =K56+O56 -> 677636.3 | S56: =+S55 -> 8.5 | U56: =O56/(H56*60*S56)*100000 -> #DIV/0!
I57: 213 | K57: ='22 ABRIL (MIERCOLES)'!M57 -> 633388.9 | M57: =K57+O57 -> 633388.9 | S57: =+S56 -> 8.5 | U57: =O57/(H57*60*S57)*100000 -> #DIV/0!
I58: 214 | K58: ='22 ABRIL (MIERCOLES)'!M58 -> 657550.9 | M58: =K58+O58 -> 657550.9 | S58: =+S57 -> 8.5 | U58: =O58/(H58*60*S58)*100000 -> #DIV/0!
I59: 215 | K59: ='22 ABRIL (MIERCOLES)'!M59 -> 694890.2 | M59: =K59+O59 -> 694890.2 | S59: =+S58 -> 8.5 | U59: =O59/(H59*60*S59)*100000 -> #DIV/0!
U61: =AVERAGE(U51:U59) -> #DIV/0! | W61: =AVERAGE(W51:W58) -> #DIV/0!
G63: Mínimo | H63: Máximo
A64: SMIT LISO | B64: TEMPERATURA | G64: =$G$31 -> 20 | H64: =$H$31 -> 29 | Q64: =AVERAGE(K64,M64,O64) -> #DIV/0! | V64: =AVERAGE(S69:S90) -> 8.5
A65: 300 | B65: HUMEDAD | G65: =$G$32 -> 60 | H65: =$H$32 -> 75 | Q65: =AVERAGE(K65,M65,O65) -> #DIV/0! | S65: MAQUINAS TRABAJANDO | V65: =COUNT(S69:S90) -> 22
K67: Marcador | M67: Marcador | O67: Marcas | S67: Horas | U67: Eficiencia
A68: Observaciones | B68: R | C68: P | D68: L | E68: tiempo | H68: vel | I68: telar | K68: Inicial | M68: Final | S68: 8.5
I69: 299 | K69: ='22 ABRIL (MIERCOLES)'!M69 -> 388771.3 | M69: =K69+O69 -> 388771.3 | S69: =+S68 -> 8.5 | U69: =O69/(H69*60*S69)*100000 -> #DIV/0!
I70: 300 | K70: ='22 ABRIL (MIERCOLES)'!M70 -> 370420.9 | M70: =K70+O70 -> 370420.9 | S70: =+S69 -> 8.5 | U70: =O70/(H70*60*S70)*100000 -> #DIV/0!
I71: 301 | K71: ='22 ABRIL (MIERCOLES)'!M71 -> 403845 | M71: =K71+O71 -> 403845 | S71: =+S70 -> 8.5 | U71: =O71/(H71*60*S71)*100000 -> #DIV/0!
I72: 302 | K72: ='22 ABRIL (MIERCOLES)'!M72 -> 407494 | M72: =K72+O72 -> 407494 | S72: =+S71 -> 8.5 | U72: =O72/(H72*60*S72)*100000 -> #DIV/0!
I73: 303 | K73: ='22 ABRIL (MIERCOLES)'!M73 -> 407526.5 | M73: =K73+O73 -> 407526.5 | S73: =+S72 -> 8.5 | U73: =O73/(H73*60*S73)*100000 -> #DIV/0!
I74: 304 | K74: ='22 ABRIL (MIERCOLES)'!M74 -> 414575 | M74: =K74+O74 -> 414575 | S74: =+S73 -> 8.5 | U74: =O74/(H74*60*S74)*100000 -> #DIV/0!
I75: 305 | K75: ='22 ABRIL (MIERCOLES)'!M75 -> 679975.4 | M75: =K75+O75 -> 679975.4 | S75: =+S74 -> 8.5 | U75: =O75/(H75*60*S75)*100000 -> #DIV/0!
I76: 306 | K76: ='22 ABRIL (MIERCOLES)'!M76 -> 646926.8 | M76: =K76+O76 -> 646926.8 | S76: =+S75 -> 8.5 | U76: =O76/(H76*60*S76)*100000 -> #DIV/0!
I77: 307 | K77: ='22 ABRIL (MIERCOLES)'!M77 -> 712585.1 | M77: =K77+O77 -> 712585.1 | S77: =+S76 -> 8.5 | U77: =O77/(H77*60*S77)*100000 -> #DIV/0!
I78: 308 | K78: ='22 ABRIL (MIERCOLES)'!M78 -> 671547.5 | M78: =K78+O78 -> 671547.5 | S78: =+S77 -> 8.5 | U78: =O78/(H78*60*S78)*100000 -> #DIV/0!
I79: 309 | K79: ='22 ABRIL (MIERCOLES)'!M79 -> 671095.4 | M79: =K79+O79 -> 671095.4 | S79: =+S78 -> 8.5 | U79: =O79/(H79*60*S79)*100000 -> #DIV/0!
I80: 310 | K80: ='22 ABRIL (MIERCOLES)'!M80 -> 635836.8 | M80: =K80+O80 -> 635836.8 | S80: =+S79 -> 8.5 | U80: =O80/(H80*60*S80)*100000 -> #DIV/0!
... I90: 320 | K90: ='22 ABRIL (MIERCOLES)'!M90 -> 389267.3 | M90: =K90+O90 -> 389267.3 | S90: =+S89 -> 8.5 | U90: =O90/(H90*60*S90)*100000 -> #DIV/0!
U92: =AVERAGE(U69:U90) -> #DIV/0!
G94: Mínimo | H94: Máximo
A95: KARL | B95: TEMPERATURA | G95: =$G$31 -> 20 | H95: =$H$31 -> 29 | Q95: =AVERAGE(K95,M95,O95) -> #DIV/0! | V95: =AVERAGE(S100:S101) -> 8.5
A96: MAYER | B96: HUMEDAD | G96: =$G$32 -> 60 | H96: =$H$32 -> 75 | Q96: =AVERAGE(K96,M96,O96) -> #DIV/0! | S96: MAQUINAS TRABAJANDO | V96: =COUNT(S100:S101) -> 2
K98: Marcador | M98: Marcador | O98: Marcas | S98: Horas | U98: Eficiencia
A99: Observaciones | B99: R | C99: P | D99: L | E99: tiempo | H99: vel | I99: telar | K99: Inicial | M99: Final | S99: 8.5
I100: 401 | K100: ='22 ABRIL (MIERCOLES)'!M100 -> 0 | M100: =K100+O100 -> 0 | S100: =+S99 -> 8.5 | U100: =O100/(H100*60*S100)*100000 -> #DIV/0!
I101: 402 | K101: ='22 ABRIL (MIERCOLES)'!M101 -> 0 | M101: =K101+O101 -> 0 | S101: =+S99 -> 8.5 | U101: =O101/(H101*60*S101)*100000 -> #DIV/0!
U103: =AVERAGE(U100:U101) -> #DIV/0!
A107: SEGUNDO TURNO SEGUNDO TURNO SEGUNDO TURNO
A108: 2 TURNO | B108: HORARIO: | K108: SUPERVISOR: | R108: DIA: | W108: FECHA:
A110: COMENTARIO DE PERSONAL
A114: F=FALTA, P=PERMISO, R=RETARDO, C=CASTIGO, I=INCAPACIDAD, V=VACACIONES, FL=FESTIVO LABORADO, FD=FESTIVO DESCANSADO, CL=CAMBIO DE LUGAR, B=BAJA, CT=CAMBIO DE TURNO
A116: Observaciones:
G119: Mínimo | H119: Máximo
A120: JACQUARD | B120: TEMPERATURA | G120: =$G$31 -> 20 | H120: =$H$31 -> 29 | Q120: =AVERAGE(K120,M120,O120) -> #DIV/0! | V120: =AVERAGE(S125:S130) -> 7
A121: SULZER | B121: HUMEDAD | G121: =$G$32 -> 60 | H121: =$H$32 -> 75 | Q121: =AVERAGE(K121,M121,O121) -> #DIV/0! | S121: MAQUINAS TRABAJANDO | V121: =COUNT(S125:S130) -> 6
K123: Marcador | M123: Marcador | O123: Marcas | S123: Horas | U123: Eficiencia | W123: Temp.
A124: Observaciones | B124: R | C124: P | D124: L | E124: tiempo | H124: vel | I124: telar | K124: Inicial | M124: Final | S124: 7
I125: 207 | K125: ='22 ABRIL (MIERCOLES)'!M125 -> 488245.4 | M125: =K125+O125 -> 488245.4 | S125: =+S124 -> 7 | U125: =O125/(H125*60*S125)*100000 -> #DIV/0!
I126: 208 | K126: ='22 ABRIL (MIERCOLES)'!M126 -> 549507.6 | M126: =K126+O126 -> 549507.6 | S126: =+S125 -> 7 | U126: =O126/(H126*60*S126)*100000 -> #DIV/0!
I127: 209 | K127: ='22 ABRIL (MIERCOLES)'!M127 -> 526282.4 | M127: =K127+O127 -> 526282.4 | S127: =+S126 -> 7 | U127: =O127/(H127*60*S127)*100000 -> #DIV/0!
I128: 210 | K128: ='22 ABRIL (MIERCOLES)'!M128 -> 604214 | M128: =K128+O128 -> 604214 | S128: =+S127 -> 7 | U128: =O128/(H128*60*S128)*100000 -> #DIV/0!
I129: 211 | K129: ='22 ABRIL (MIERCOLES)'!M129 -> 650429 | M129: =K129+O129 -> 650429 | S129: =+S128 -> 7 | U129: =O129/(H129*60*S129)*100000 -> #DIV/0!
I130: 212 | K130: ='22 ABRIL (MIERCOLES)'!M130 -> 0 | M130: =K130+O130 -> 0 | S130: =+S129 -> 7 | U130: =O130/(H130*60*S130)*100000 -> #DIV/0!
U132: =AVERAGE(U125:U130) -> #DIV/0! | W132: =AVERAGE(W125:W130) -> #DIV/0!
G134: Mínimo | H134: Máximo
A135: JACQUARD | B135: TEMPERATURA | G135: =$G$31 -> 20 | H135: =$H$31 -> 29 | Q135: =AVERAGE(K135,M135,O135) -> #DIV/0! | V135: =AVERAGE(S140:S148) -> 7
A136: SMIT | B136: HUMEDAD | G136: =$G$32 -> 60 | H136: =$H$32 -> 75 | Q136: =AVERAGE(K136,M136,O136) -> #DIV/0! | S136: MAQUINAS TRABAJANDO | V136: =COUNT(S140:S148) -> 9
K138: Marcador | M138: Marcador | O138: Marcas | S138: Horas | U138: Eficiencia | W138: Temp.
A139: Observaciones | B139: R | C139: P | D139: L | E139: tiempo | H139: vel | I139: telar | K139: Inicial | M139: Final | S139: 7
I140: 201 | K140: ='22 ABRIL (MIERCOLES)'!M140 -> 566234.3 | M140: =K140+O140 -> 566234.3 | S140: =+S139 -> 7 | U140: =O140/(H140*60*S140)*100000 -> #DIV/0!
I141: 202 | K141: ='22 ABRIL (MIERCOLES)'!M141 -> 656588.2 | M141: =K141+O141 -> 656588.2 | S141: =+S140 -> 7 | U141: =O141/(H141*60*S141)*100000 -> #DIV/0!
I142: 203 | K142: ='22 ABRIL (MIERCOLES)'!M142 -> 566883.3 | M142: =K142+O142 -> 566883.3 | S142: =+S141 -> 7 | U142: =O142/(H142*60*S142)*100000 -> #DIV/0!
I143: 204 | K143: ='22 ABRIL (MIERCOLES)'!M143 -> 575772.8 | M143: =K143+O143 -> 575772.8 | S143: =+S142 -> 7 | U143: =O143/(H143*60*S143)*100000 -> #DIV/0!
I144: 205 | K144: ='22 ABRIL (MIERCOLES)'!M144 -> 571272.3 | M144: =K144+O144 -> 571272.3 | S144: =+S143 -> 7 | U144: =O144/(H144*60*S144)*100000 -> #DIV/0!
I145: 206 | K145: ='22 ABRIL (MIERCOLES)'!M145 -> 602026 | M145: =K145+O145 -> 602026 | S145: =+S144 -> 7 | U145: =O145/(H145*60*S145)*100000 -> #DIV/0!
I146: 213 | K146: ='22 ABRIL (MIERCOLES)'!M146 -> 556791.34 | M146: =K146+O146 -> 556791.34 | S146: =+S145 -> 7 | U146: =O146/(H146*60*S146)*100000 -> #DIV/0!
I147: 214 | K147: ='22 ABRIL (MIERCOLES)'!M147 -> 574556.6 | M147: =K147+O147 -> 574556.6 | S147: =+S146 -> 7 | U147: =O147/(H147*60*S147)*100000 -> #DIV/0!
I148: 215 | K148: ='22 ABRIL (MIERCOLES)'!M148 -> 611004.4 | M148: =K148+O148 -> 611004.4 | S148: =+S147 -> 7 | U148: =O148/(H148*60*S148)*100000 -> #DIV/0!
U150: =AVERAGE(U140:U148) -> #DIV/0! | W150: =AVERAGE(W140:W147) -> #DIV/0!
G152: Mínimo | H152: Máximo
A153: SMIT LISO | B153: TEMPERATURA | G153: =$G$31 -> 20 | H153: =$H$31 -> 29 | Q153: =AVERAGE(K153,M153,O153) -> #DIV/0! | V153: =AVERAGE(S158:S179) -> 7
...

Sheet 22 ABRIL (MIERCOLES)
A2: =TODAY()-1 -> 46133
I4: Turno | K4: Jaq | M4: Smit | O4: 300 | Q4: Karl M
I5: 1ro. | K5: =U43 -> #DIV/0! | M5: =U61 -> 0 | O5: =U92 -> 0 | Q5: =U103 -> #DIV/0!
A7: RESUMEN DE EFICIENCIAS | I7: 2do. | K7: =U132 -> #DIV/0! | M7: =U150 -> #DIV/0! | O7: =U181 -> #DIV/0! | Q7: =U192 -> #DIV/0!
I9: 3er | K9: =+U221 -> #DIV/0! | M9: =+U239 -> #DIV/0! | O9: =+U270 -> #DIV/0! | Q9: =U281 -> #DIV/0!
I11: 4to. | K11: =+U310 -> 0 | M11: =+U328 -> 0 | O11: =+U359 -> 0 | Q11: =U343 -> 0
H13: Promedio | K13: =(K11+K9+K7+K5)/3 -> #DIV/0! | M13: =(M11+M9+M7+M5)/3 -> #DIV/0! | O13: =(O11+O9+O7+O5)/3 -> #DIV/0! | Q13: =(Q11+Q9+Q7+Q5)/3 -> #DIV/0!
A18: PRIMER TURNO PRIMER TURNO PRIMER TURNO
A19: 1 TURNO | B19: HORARIO: | G19: 6:30-14:30 | K19: SUPERVISOR: | N19: DANIEL VALTIERRA | R19: DIA: | S19: MIERCOLES | W19: FECHA: | Y19: 46134
A21: COMENTARIO DE PERSONAL
A25: F=FALTA, P=PERMISO, R=RETARDO, C=CASTIGO, I=INCAPACIDAD, V=VACACIONES, FL=FESTIVO LABORADO, FD=FESTIVO DESCANSADO, CL=CAMBIO DE LUGAR, B=BAJA, CT=CAMBIO DE TURNO
A27: Observaciones: | B27: 8 H T-208 EN ESPERA DE REFACCIÓN, H T-209 ATADO ESPECIAL,
G30: Mínimo | H30: Máximo
A31: JACQUARD | B31: TEMPERATURA | G31: ='21 ABRIL (MARTES)'!G31 -> 20 | H31: ='21 ABRIL (MARTES)'!H31 -> 29 | Q31: =AVERAGE(K31,M31,O31) -> #DIV/0! | V31: =AVERAGE(S36:S41) -> 8
A32: SULZER | B32: HUMEDAD | G32: ='21 ABRIL (MARTES)'!G32 -> 60 | H32: ='21 ABRIL (MARTES)'!H32 -> 75 | Q32: =AVERAGE(K32,M32,O32) -> #DIV/0! | S32: MAQUINAS TRABAJANDO | V32: =COUNT(S36:S41) -> 6
K34: Marcador | M34: Marcador | O34: Marcas | S34: Horas | U34: Eficiencia | W34: Temp.
A35: Observaciones | B35: R | C35: P | D35: L | E35: tiempo | H35: vel | I35: telar | K35: Inicial | M35: Final | S35: 8
H36: 280 | I36: 207 | K36: ='21 ABRIL (MARTES)'!M36 -> 553941 | M36: =K36+O36 -> 553941 | S36: =+S35 -> 8 | U36: =O36/(H36*60*S36)*100000 -> 0
A37: EN ESPERA DE REFACCIÓN | H37: 300 | I37: 208 | K37: ='21 ABRIL (MARTES)'!M37 -> 617577 | M37: =K37+O37 -> 617577 | S37: =+S36 -> 8 | U37: =O37/(H37*60*S37)*100000 -> 0
A38: ATADO RIZO ESPECIAL | B38: 1 | H38: 300 | I38: 209 | K38: ='21 ABRIL (MARTES)'!M38 -> 595396 | M38: =K38+O38 -> 595396 | S38: =+S37 -> 8 | U38: =O38/(H38*60*S38)*100000 -> 0
H39: 290 | I39: 210 | K39: ='21 ABRIL (MARTES)'!M39 -> 682073.4 | M39: =K39+O39 -> 682073.4 | S39: =+S38 -> 8 | U39: =O39/(H39*60*S39)*100000 -> 0
H40: 290 | I40: 211 | K40: ='21 ABRIL (MARTES)'!M40 -> 739209.5 | M40: =K40+O40 -> 739209.5 | S40: =+S39 -> 8 | U40: =O40/(H40*60*S40)*100000 -> 0
I41: 212 | K41: ='21 ABRIL (MARTES)'!M41 -> 0 | M41: =K41+O41 -> 0 | S41: =+S40 -> 8 | U41: =O41/(H41*60*S41)*100000 -> #DIV/0!
U43: =AVERAGE(U36:U41) -> #DIV/0! | W43: =AVERAGE(W36:W41) -> #DIV/0!
G45: Mínimo | H45: Máximo
A46: JACQUARD | B46: TEMPERATURA | G46: =$G$31 -> 20 | H46: =$H$31 -> 29 | Q46: =AVERAGE(K46,M46,O46) -> #DIV/0! | V46: =AVERAGE(S51:S59) -> 8
A47: SMIT | B47: HUMEDAD | G47: =$G$32 -> 60 | H47: =$H$32 -> 75 | Q47: =AVERAGE(K47,M47,O47) -> #DIV/0! | S47: MAQUINAS TRABAJANDO | V47: =COUNT(S51:S59) -> 9
K49: Marcador | M49: Marcador | O49: Marcas | S49: Horas | U49: Eficiencia | W49: Temp.
A50: Observaciones | B50: R | C50: P | D50: L | E50: tiempo | H50: vel | I50: telar | K50: Inicial | M50: Final | S50: 8
A51: ATADO PIE | C51: 1 | H51: 286 | I51: 201 | K51: ='21 ABRIL (MARTES)'!M51 -> 647180.6 | M51: =K51+O51 -> 647180.6 | S51: =+S50 -> 8 | U51: =O51/(H51*60*S51)*100000 -> 0
H52: 271 | I52: 202 | K52: ='21 ABRIL (MARTES)'!M52 -> 753490.7 | M52: =K52+O52 -> 753490.7 | S52: =+S51 -> 8 | U52: =O52/(H52*60*S52)*100000 -> 0
A53: MUESTRAS | H53: 287 | I53: 203 | K53: ='21 ABRIL (MARTES)'!M53 -> 654637.8 | M53: =K53+O53 -> 654637.8 | S53: =+S52 -> 8 | U53: =O53/(H53*60*S53)*100000 -> 0
H54: 302 | I54: 204 | K54: ='21 ABRIL (MARTES)'!M54 -> 662768.7 | M54: =K54+O54 -> 662768.7 | S54: =+S53 -> 8 | U54: =O54/(H54*60*S54)*100000 -> 0
H55: 294 | I55: 205 | K55: ='21 ABRIL (MARTES)'!M55 -> 647848.7 | M55: =K55+O55 -> 647848.7 | S55: =+S54 -> 8 | U55: =O55/(H55*60*S55)*100000 -> 0
H56: 303 | I56: 206 | K56: ='21 ABRIL (MARTES)'!M56 -> 677636.3 | M56: =K56+O56 -> 677636.3 | S56: =+S55 -> 8 | U56: =O56/(H56*60*S56)*100000 -> 0
H57: 300 | I57: 213 | K57: ='21 ABRIL (MARTES)'!M57 -> 633388.9 | M57: =K57+O57 -> 633388.9 | S57: =+S56 -> 8 | U57: =O57/(H57*60*S57)*100000 -> 0
H58: 305 | I58: 214 | K58: ='21 ABRIL (MARTES)'!M58 -> 657550.9 | M58: =K58+O58 -> 657550.9 | S58: =+S57 -> 8 | U58: =O58/(H58*60*S58)*100000 -> 0
H59: 310 | I59: 215 | K59: ='21 ABRIL (MARTES)'!M59 -> 694890.2 | M59: =K59+O59 -> 694890.2 | S59: =+S58 -> 8 | U59: =O59/(H59*60*S59)*100000 -> 0
U61: =AVERAGE(U51:U59) -> 0 | W61: =AVERAGE(W51:W58) -> #DIV/0!
G63: Mínimo | H63: Máximo
A64: SMIT LISO | B64: TEMPERATURA | G64: =$G$31 -> 20 | H64: =$H$31 -> 29 | Q64: =AVERAGE(K64,M64,O64) -> #DIV/0! | V64: =AVERAGE(S69:S90) -> 8
A65: 300 | B65: HUMEDAD | G65: =$G$32 -> 60 | H65: =$H$32 -> 75 | Q65: =AVERAGE(K65,M65,O65) -> #DIV/0! | S65: MAQUINAS TRABAJANDO | V65: =COUNT(S69:S90) -> 22
K67: Marcador | M67: Marcador | O67: Marcas | S67: Horas | U67: Eficiencia
A68: Observaciones | B68: R | C68: P | D68: L | E68: tiempo | H68: vel | I68: telar | K68: Inicial | M68: Final | S68: 8
H69: 400 | I69: 299 | K69: ='21 ABRIL (MARTES)'!M69 -> 388771.3 | M69: =K69+O69 -> 388771.3 | S69: =+S68 -> 8 | U69: =O69/(H69*60*S69)*100000 -> 0
H70: 280 | I70: 300 | K70: ='21 ABRIL (MARTES)'!M70 -> 370420.9 | M70: =K70+O70 -> 370420.9 | S70: =+S69 -> 8 | U70: =O70/(H70*60*S70)*100000 -> 0
H71: 380 | I71: 301 | K71: ='21 ABRIL (MARTES)'!M71 -> 403845 | M71: =K71+O71 -> 403845 | S71: =+S70 -> 8 | U71: =O71/(H71*60*S71)*100000 -> 0
H72: 350 | I72: 302 | K72: ='21 ABRIL (MARTES)'!M72 -> 407494 | M72: =K72+O72 -> 407494 | S72: =+S71 -> 8 | U72: =O72/(H72*60*S72)*100000 -> 0
H73: 320 | I73: 303 | K73: ='21 ABRIL (MARTES)'!M73 -> 407526.5 | M73: =K73+O73 -> 407526.5 | S73: =+S72 -> 8 | U73: =O73/(H73*60*S73)*100000 -> 0
H74: 335 | I74: 304 | K74: ='21 ABRIL (MARTES)'!M74 -> 414575 | M74: =K74+O74 -> 414575 | S74: =+S73 -> 8 | U74: =O74/(H74*60*S74)*100000 -> 0
H75: 302 | I75: 305 | K75: ='21 ABRIL (MARTES)'!M75 -> 679975.4 | M75: =K75+O75 -> 679975.4 | S75: =+S74 -> 8 | U75: =O75/(H75*60*S75)*100000 -> 0
H76: 302 | I76: 306 | K76: ='21 ABRIL (MARTES)'!M76 -> 646926.8 | M76: =K76+O76 -> 646926.8 | S76: =+S75 -> 8 | U76: =O76/(H76*60*S76)*100000 -> 0
H77: 304 | I77: 307 | K77: ='21 ABRIL (MARTES)'!M77 -> 712585.1 | M77: =K77+O77 -> 712585.1 | S77: =+S76 -> 8 | U77: =O77/(H77*60*S77)*100000 -> 0
H78: 285 | I78: 308 | K78: ='21 ABRIL (MARTES)'!M78 -> 671547.5 | M78: =K78+O78 -> 671547.5 | S78: =+S77 -> 8 | U78: =O78/(H78*60*S78)*100000 -> 0
A79: ATADO RIZO | B79: 1 | H79: 300 | I79: 309 | K79: ='21 ABRIL (MARTES)'!M79 -> 671095.4 | M79: =K79+O79 -> 671095.4 | S79: =+S78 -> 8 | U79: =O79/(H79*60*S79)*100000 -> 0
H80: 308 | I80: 310 | K80: ='21 ABRIL (MARTES)'!M80 -> 635836.8 | M80: =K80+O80 -> 635836.8 | S80: =+S79 -> 8 | U80: =O80/(H80*60*S80)*100000 -> 0
H81: 330 | I81: 311 | K81: ='21 ABRIL (MARTES)'!M81 -> 699915.18 | M81: =K81+O81 -> 699915.18 | S81: =+S80 -> 8 | U81: =O81/(H81*60*S81)*100000 -> 0
A82: FM TUBO DE ARRASTE | H82: 254 | I82: 312 | K82: ='21 ABRIL (MARTES)'!M82 -> 620922.3 | M82: =K82+O82 -> 620922.3 | S82: =+S81 -> 8 | U82: =O82/(H82*60*S82)*100000 -> 0
H83: 266 | I83: 313 | K83: ='21 ABRIL (MARTES)'!M83 -> 684322.5 | M83: =K83+O83 -> 684322.5 | S83: =+S82 -> 8 | U83: =O83/(H83*60*S83)*100000 -> 0
H84: 330 | I84: 314 | K84: ='21 ABRIL (MARTES)'!M84 -> 644185.5 | M84: =K84+O84 -> 644185.5 | S84: =+S83 -> 8 | U84: =O84/(H84*60*S84)*100000 -> 0
H85: 320 | I85: 315 | K85: ='21 ABRIL (MARTES)'!M85 -> 622095.74 | M85: =K85+O85 -> 622095.74 | S85: =+S84 -> 8 | U85: =O85/(H85*60*S85)*100000 -> 0
H86: 300 | I86: 316 | K86: ='21 ABRIL (MARTES)'!M86 -> 645030 | M86: =K86+O86 -> 645030 | S86: =+S85 -> 8 | U86: =O86/(H86*60*S86)*100000 -> 0
H87: 305 | I87: 317 | K87: ='21 ABRIL (MARTES)'!M87 -> 377528.2 | M87: =K87+O87 -> 377528.2 | S87: =+S86 -> 8 | U87: =O87/(H87*60*S87)*100000 -> 0
H88: 320 | I88: 318 | K88: ='21 ABRIL (MARTES)'!M88 -> 401652 | M88: =K88+O88 -> 401652 | S88: =+S87 -> 8 | U88: =O88/(H88*60*S88)*100000 -> 0
H89: 381 | I89: 319 | K89: ='21 ABRIL (MARTES)'!M89 -> 406238 | M89: =K89+O89 -> 406238 | S89: =+S88 -> 8 | U89: =O89/(H89*60*S89)*100000 -> 0
H90: 340 | I90: 320 | K90: ='21 ABRIL (MARTES)'!M90 -> 389267.3 | M90: =K90+O90 -> 389267.3 | S90: =+S89 -> 8 | U90: =O90/(H90*60*S90)*100000 -> 0
U92: =AVERAGE(U69:U90) -> 0
G94: Mínimo | H94: Máximo
A95: KARL | B95: TEMPERATURA | G95: =$G$31 -> 20 | H95: =$H$31 -> 29 | Q95: =AVERAGE(K95,M95,O95) -> #DIV/0! | V95: =AVERAGE(S100:S101) -> 8.5
A96: MAYER | B96: HUMEDAD | G96: =$G$32 -> 60 | H96: =$H$32 -> 75 | Q96: =AVERAGE(K96,M96,O96) -> #DIV/0! | S96: MAQUINAS TRABAJANDO | V96: =COUNT(S100:S101) -> 2
K98: Marcador | M98: Marcador | O98: Marcas | S98: Horas | U98: Eficiencia
A99: Observaciones | B99: R | C99: P | D99: L | E99: tiempo | H99: vel | I99: telar | K99: Inicial | M99: Final | S99: 8.5
I100: 401 | K100: ='21 ABRIL (MARTES)'!M100 -> 0 | M100: =K100+O100 -> 0 | S100: =+S99 -> 8.5 | U100: =O100/(H100*60*S100)*100000 -> #DIV/0!
I101: 402 | K101: ='21 ABRIL (MARTES)'!M101 -> 0 | M101: =K101+O101 -> 0 | S101: =+S99 -> 8.5 | U101: =O101/(H101*60*S101)*100000 -> #DIV/0!
U103: =AVERAGE(U100:U101) -> #DIV/0!
A107: SEGUNDO TURNO SEGUNDO TURNO SEGUNDO TURNO
A108: 2 TURNO | B108: HORARIO: | K108: SUPERVISOR: | R108: DIA: | W108: FECHA:
A110: COMENTARIO DE PERSONAL
A114: F=FALTA, P=PERMISO, R=RETARDO, C=CASTIGO, I=INCAPACIDAD, V=VACACIONES, FL=FESTIVO LABORADO, FD=FESTIVO DESCANSADO, CL=CAMBIO DE LUGAR, B=BAJA, CT=CAMBIO DE TURNO
A116: Observaciones:
G119: Mínimo | H119: Máximo
A120: JACQUARD | B120: TEMPERATURA | G120: =$G$31 -> 20 | H120: =$H$31 -> 29 | Q120: =AVERAGE(K120,M120,O120) -> #DIV/0! | V120: =AVERAGE(S125:S130) -> 7
A121: SULZER | B121: HUMEDAD | G121: =$G$32 -> 60 | H121: =$H$32 -> 75 | Q121: =AVERAGE(K121,M121,O121) -> #DIV/0! | S121: MAQUINAS TRABAJANDO | V121: =COUNT(S125:S130) -> 6
K123: Marcador | M123: Marcador | O123: Marcas | S123: Horas | U123: Eficiencia | W123: Temp.
A124: Observaciones | B124: R | C124: P | D124: L | E124: tiempo | H124: vel | I124: telar | K124: Inicial | M124: Final | S124: 7
I125: 207 | K125: ='21 ABRIL (MARTES)'!M125 -> 488245.4 | M125: =K125+O125 -> 488245.4 | S125: =+S124 -> 7 | U125: =O125/(H125*60*S125)*100000 -> #DIV/0!
I126: 208 | K126: ='21 ABRIL (MARTES)'!M126 -> 549507.6 | M126: =K126+O126 -> 549507.6 | S126: =+S125 -> 7 | U126: =O126/(H126*60*S126)*100000 -> #DIV/0!
I127: 209 | K127: ='21 ABRIL (MARTES)'!M127 -> 526282.4 | M127: =K127+O127 -> 526282.4 | S127: =+S126 -> 7 | U127: =O127/(H127*60*S127)*100000 -> #DIV/0!
I128: 210 | K128: ='21 ABRIL (MARTES)'!M128 -> 604214 | M128: =K128+O128 -> 604214 | S128: =+S127 -> 7 | U128: =O128/(H128*60*S128)*100000 -> #DIV/0!
I129: 211 | K129: ='21 ABRIL (MARTES)'!M129 -> 650429 | M129: =K129+O129 -> 650429 | S129: =+S128 -> 7 | U129: =O129/(H129*60*S129)*100000 -> #DIV/0!
I130: 212 | K130: ='21 ABRIL (MARTES)'!M130 -> 0 | M130: =K130+O130 -> 0 | S130: =+S129 -> 7 | U130: =O130/(H130*60*S130)*100000 -> #DIV/0!
U132: =AVERAGE(U125:U130) -> #DIV/0! | W132: =AVERAGE(W125:W130) -> #DIV/0!
G134: Mínimo | H134: Máximo
A135: JACQUARD | B135: TEMPERATURA | G135: =$G$31 -> 20 | H135: =$H$31 -> 29 | Q135: =AVERAGE(K135,M135,O135) -> #DIV/0! | V135: =AVERAGE(S140:S148) -> 7
A136: SMIT | B136: HUMEDAD | G136: =$G$32 -> 60 | H136: =$H$32 -> 75 | Q136: =AVERAGE(K136,M136,O136) -> #DIV/0! | S136: MAQUINAS TRABAJANDO | V136: =COUNT(S140:S148) -> 9
K138: Marcador | M138: Marcador | O138: Marcas | S138: Horas | U138: Eficiencia | W138: Temp.
A139: Observaciones | B139: R | C139: P | D139: L | E139: tiempo | H139: vel | I139: telar | K139: Inicial | M139: Final | S139: 7
I140: 201 | K140: ='21 ABRIL (MARTES)'!M140 -> 566234.3 | M140: =K140+O140 -> 566234.3 | S140: =+S139 -> 7 | U140: =O140/(H140*60*S140)*100000 -> #DIV/0!
I141: 202 | K141: ='21 ABRIL (MARTES)'!M141 -> 656588.2 | M141: =K141+O141 -> 656588.2 | S141: =+S140 -> 7 | U141: =O141/(H141*60*S141)*100000 -> #DIV/0!
I142: 203 | K142: ='21 ABRIL (MARTES)'!M142 -> 566883.3 | M142: =K142+O142 -> 566883.3 | S142: =+S141 -> 7 | U142: =O142/(H142*60*S142)*100000 -> #DIV/0!
...

Sheet 21 ABRIL (MARTES)
A2: =TODAY()-1 -> 46133
I4: Turno | K4: Jaq | M4: Smit | O4: 300 | Q4: Karl M
I5: 1ro. | K5: =U43 -> 83.760605 | M5: =U61 -> 80.868541 | O5: =U92 -> 78.702411 | Q5: =U103 -> 0
A7: RESUMEN DE EFICIENCIAS | I7: 2do. | K7: =U132 -> 81.067837 | M7: =U150 -> 71.980351 | O7: =U181 -> 81.111171 | Q7: =U192 -> 0
I9: 3er | K9: =+U221 -> 78.104475 | M9: =+U239 -> 84.887158 | O9: =+U270 -> 83.268551 | Q9: =U281 -> 0
I11: 4to. | K11: =+U310 -> 0 | M11: =+U328 -> 0 | O11: =+U359 -> 0 | Q11: =U343 -> 0
H13: Promedio | K13: =(K11+K9+K7+K5)/3 -> 80.977639 | M13: =(M11+M9+M7+M5)/3 -> 79.24535 | O13: =(O11+O9+O7+O5)/3 -> 81.027378 | Q13: =(Q11+Q9+Q7+Q5)/3 -> 0
A18: PRIMER TURNO PRIMER TURNO PRIMER TURNO
A19: 1 TURNO | B19: HORARIO: | G19: 6:30-14:30 | K19: SUPERVISOR: | N19: DANIEL VALTIERRA | R19: DIA: | S19: MARTES | W19: FECHA: | Y19: 46133
A21: COMENTARIO DE PERSONAL
A25: F=FALTA, P=PERMISO, R=RETARDO, C=CASTIGO, I=INCAPACIDAD, V=VACACIONES, FL=FESTIVO LABORADO, FD=FESTIVO DESCANSADO, CL=CAMBIO DE LUGAR, B=BAJA, CT=CAMBIO DE TURNO
A27: Observaciones: | B27: 6 H T-208 REFACIÓN, 4 hrs t-316 tiranteria
G30: Mínimo | H30: Máximo
A31: JACQUARD | B31: TEMPERATURA | G31: ='20 ABRIL (LUNES)'!G31 -> 20 | H31: ='20 ABRIL (LUNES)'!H31 -> 29 | Q31: =AVERAGE(K31,M31,O31) -> #DIV/0! | V31: =AVERAGE(S36:S41) -> 6.8
A32: SULZER | B32: HUMEDAD | G32: ='20 ABRIL (LUNES)'!G32 -> 60 | H32: ='20 ABRIL (LUNES)'!H32 -> 75 | Q32: =AVERAGE(K32,M32,O32) -> #DIV/0! | S32: MAQUINAS TRABAJANDO | V32: =COUNT(S36:S41) -> 5
K34: Marcador | M34: Marcador | O34: Marcas | S34: Horas | U34: Eficiencia | W34: Temp.
A35: Observaciones | B35: R | C35: P | D35: L | E35: tiempo | H35: vel | I35: telar | K35: Inicial | M35: Final | S35: 8
H36: 280 | I36: 207 | K36: ='20 ABRIL (LUNES)'!M36 -> 553840 | M36: =K36+O36 -> 553941 | O36: 101 | S36: =+S35 -> 8 | U36: =O36/(H36*60*S36)*100000 -> 75.14881
H37: 300 | I37: 208 | K37: ='20 ABRIL (LUNES)'!M37 -> 617547 | M37: =K37+O37 -> 617577 | O37: 30 | S37: 2 | U37: =O37/(H37*60*S37)*100000 -> 83.333333
H38: 300 | I38: 209 | K38: ='20 ABRIL (LUNES)'!M38 -> 595287 | M38: =K38+O38 -> 595396 | O38: 109 | S38: =+S35 -> 8 | U38: =O38/(H38*60*S38)*100000 -> 75.694444
H39: 290 | I39: 210 | K39: ='20 ABRIL (LUNES)'!M39 -> 681936.4 | M39: =K39+O39 -> 682073.4 | O39: 137 | S39: =+S38 -> 8 | U39: =O39/(H39*60*S39)*100000 -> 98.41954
H40: 290 | I40: 211 | K40: ='20 ABRIL (LUNES)'!M40 -> 739089.5 | M40: =K40+O40 -> 739209.5 | O40: 120 | S40: =+S39 -> 8 | U40: =O40/(H40*60*S40)*100000 -> 86.206897
U43: =AVERAGE(U36:U41) -> 83.760605 | W43: =AVERAGE(W36:W41) -> #DIV/0!
G45: Mínimo | H45: Máximo
A46: JACQUARD | B46: TEMPERATURA | G46: =$G$31 -> 20 | H46: =$H$31 -> 29 | Q46: =AVERAGE(K46,M46,O46) -> #DIV/0! | V46: =AVERAGE(S51:S59) -> 8
A47: SMIT | B47: HUMEDAD | G47: =$G$32 -> 60 | H47: =$H$32 -> 75 | Q47: =AVERAGE(K47,M47,O47) -> #DIV/0! | S47: MAQUINAS TRABAJANDO | V47: =COUNT(S51:S59) -> 9
K49: Marcador | M49: Marcador | O49: Marcas | S49: Horas | U49: Eficiencia | W49: Temp.
A50: Observaciones | B50: R | C50: P | D50: L | E50: tiempo | H50: vel | I50: telar | K50: Inicial | M50: Final | S50: 8
H51: 286 | I51: 201 | K51: ='20 ABRIL (LUNES)'!M51 -> 647059.6 | M51: =K51+O51 -> 647180.6 | O51: 121 | S51: =+S50 -> 8 | U51: =O51/(H51*60*S51)*100000 -> 88.141026
H52: 271 | I52: 202 | K52: ='20 ABRIL (LUNES)'!M52 -> 753407.7 | M52: =K52+O52 -> 753490.7 | O52: 83 | S52: =+S51 -> 8 | U52: =O52/(H52*60*S52)*100000 -> 63.806888
H53: 287 | I53: 203 | K53: ='20 ABRIL (LUNES)'!M53 -> 654526.8 | M53: =K53+O53 -> 654637.8 | O53: 111 | S53: =+S52 -> 8 | U53: =O53/(H53*60*S53)*100000 -> 80.574913
H54: 302 | I54: 204 | K54: ='20 ABRIL (LUNES)'!M54 -> 662652.7 | M54: =K54+O54 -> 662768.7 | O54: 116 | S54: =+S53 -> 8 | U54: =O54/(H54*60*S54)*100000 -> 80.022075
H55: 294 | I55: 205 | K55: ='20 ABRIL (LUNES)'!M55 -> 647728.7 | M55: =K55+O55 -> 647848.7 | O55: 120 | S55: =+S54 -> 8 | U55: =O55/(H55*60*S55)*100000 -> 85.034014
H56: 303 | I56: 206 | K56: ='20 ABRIL (LUNES)'!M56 -> 677520.3 | M56: =K56+O56 -> 677636.3 | O56: 116 | S56: =+S55 -> 8 | U56: =O56/(H56*60*S56)*100000 -> 79.757976
H57: 300 | I57: 213 | K57: ='20 ABRIL (LUNES)'!M57 -> 633281.9 | M57: =K57+O57 -> 633388.9 | O57: 107 | S57: =+S56 -> 8 | U57: =O57/(H57*60*S57)*100000 -> 74.305556
H58: 305 | I58: 214 | K58: ='20 ABRIL (LUNES)'!M58 -> 657419.9 | M58: =K58+O58 -> 657550.9 | O58: 131 | S58: =+S57 -> 8 | U58: =O58/(H58*60*S58)*100000 -> 89.480874
H59: 310 | I59: 215 | K59: ='20 ABRIL (LUNES)'!M59 -> 694761.2 | M59: =K59+O59 -> 694890.2 | O59: 129 | S59: =+S58 -> 8 | U59: =O59/(H59*60*S59)*100000 -> 86.693548
U61: =AVERAGE(U51:U59) -> 80.868541 | W61: =AVERAGE(W51:W58) -> #DIV/0!
G63: Mínimo | H63: Máximo
A64: SMIT LISO | B64: TEMPERATURA | G64: =$G$31 -> 20 | H64: =$H$31 -> 29 | Q64: =AVERAGE(K64,M64,O64) -> #DIV/0! | V64: =AVERAGE(S69:S90) -> 7.8181818
A65: 300 | B65: HUMEDAD | G65: =$G$32 -> 60 | H65: =$H$32 -> 75 | Q65: =AVERAGE(K65,M65,O65) -> #DIV/0! | S65: MAQUINAS TRABAJANDO | V65: =COUNT(S69:S90) -> 22
K67: Marcador | M67: Marcador | O67: Marcas | S67: Horas | U67: Eficiencia
A68: Observaciones | B68: R | C68: P | D68: L | E68: tiempo | H68: vel | I68: telar | K68: Inicial | M68: Final | S68: 8
H69: 400 | I69: 299 | K69: ='20 ABRIL (LUNES)'!M69 -> 388625.3 | M69: =K69+O69 -> 388771.3 | O69: 146 | S69: =+S68 -> 8 | U69: =O69/(H69*60*S69)*100000 -> 76.041667
H70: 280 | I70: 300 | K70: ='20 ABRIL (LUNES)'!M70 -> 370289.9 | M70: =K70+O70 -> 370420.9 | O70: 131 | S70: =+S69 -> 8 | U70: =O70/(H70*60*S70)*100000 -> 97.470238
A71: ATADO RIZO | B71: 1 | H71: 380 | I71: 301 | K71: ='20 ABRIL (LUNES)'!M71 -> 403748 | M71: =K71+O71 -> 403845 | O71: 97 | S71: =+S70 -> 8 | U71: =O71/(H71*60*S71)*100000 -> 53.179825
H72: 350 | I72: 302 | K72: ='20 ABRIL (LUNES)'!M72 -> 407356 | M72: =K72+O72 -> 407494 | O72: 138 | S72: =+S71 -> 8 | U72: =O72/(H72*60*S72)*100000 -> 82.142857
H73: 320 | I73: 303 | K73: ='20 ABRIL (LUNES)'!M73 -> 407391.5 | M73: =K73+O73 -> 407526.5 | O73: 135 | S73: =+S72 -> 8 | U73: =O73/(H73*60*S73)*100000 -> 87.890625
H74: 335 | I74: 304 | K74: ='20 ABRIL (LUNES)'!M74 -> 414435 | M74: =K74+O74 -> 414575 | O74: 140 | S74: =+S73 -> 8 | U74: =O74/(H74*60*S74)*100000 -> 87.064677
H75: 302 | I75: 305 | K75: ='20 ABRIL (LUNES)'!M75 -> 679836.4 | M75: =K75+O75 -> 679975.4 | O75: 139 | S75: =+S74 -> 8 | U75: =O75/(H75*60*S75)*100000 -> 95.888521
H76: 302 | I76: 306 | K76: ='20 ABRIL (LUNES)'!M76 -> 646793.8 | M76: =K76+O76 -> 646926.8 | O76: 133 | S76: =+S75 -> 8 | U76: =O76/(H76*60*S76)*100000 -> 91.749448
H77: 304 | I77: 307 | K77: ='20 ABRIL (LUNES)'!M77 -> 712453.1 | M77: =K77+O77 -> 712585.1 | O77: 132 | S77: =+S76 -> 8 | U77: =O77/(H77*60*S77)*100000 -> 90.460526
H78: 285 | I78: 308 | K78: ='20 ABRIL (LUNES)'!M78 -> 671432.5 | M78: =K78+O78 -> 671547.5 | O78: 115 | S78: =+S77 -> 8 | U78: =O78/(H78*60*S78)*100000 -> 84.064327
H79: 300 | I79: 309 | K79: ='20 ABRIL (LUNES)'!M79 -> 670989.4 | M79: =K79+O79 -> 671095.4 | O79: 106 | S79: =+S78 -> 8 | U79: =O79/(H79*60*S79)*100000 -> 73.611111
H80: 308 | I80: 310 | K80: ='20 ABRIL (LUNES)'!M80 -> 635716.8 | M80: =K80+O80 -> 635836.8 | O80: 120 | S80: =+S79 -> 8 | U80: =O80/(H80*60*S80)*100000 -> 81.168831
H81: 330 | I81: 311 | K81: ='20 ABRIL (LUNES)'!M81 -> 699797.18 | M81: =K81+O81 -> 699915.18 | O81: 118 | S81: =+S80 -> 8 | U81: =O81/(H81*60*S81)*100000 -> 74.494949
H82: 254 | I82: 312 | K82: ='20 ABRIL (LUNES)'!M82 -> 620820.3 | M82: =K82+O82 -> 620922.3 | O82: 102 | S82: =+S81 -> 8 | U82: =O82/(H82*60*S82)*100000 -> 83.661417
H83: 266 | I83: 313 | K83: ='20 ABRIL (LUNES)'!M83 -> 684202.5 | M83: =K83+O83 -> 684322.5 | O83: 120 | S83: =+S82 -> 8 | U83: =O83/(H83*60*S83)*100000 -> 93.984962
H84: 330 | I84: 314 | K84: ='20 ABRIL (LUNES)'!M84 -> 644062.5 | M84: =K84+O84 -> 644185.5 | O84: 123 | S84: =+S83 -> 8 | U84: =O84/(H84*60*S84)*100000 -> 77.651515
A85: ATADO PIE | C85: 1 | H85: 320 | I85: 315 | K85: ='20 ABRIL (LUNES)'!M85 -> 622032.74 | M85: =K85+O85 -> 622095.74 | O85: 63 | S85: =+S84 -> 8 | U85: =O85/(H85*60*S85)*100000 -> 41.015625
H86: 300 | I86: 316 | K86: ='20 ABRIL (LUNES)'!M86 -> 644973 | M86: =K86+O86 -> 645030 | O86: 57 | S86: 4 | U86: =O86/(H86*60*S86)*100000 -> 79.166667
A87: ATADO RIZO | B87: 1 | H87: 305 | I87: 317 | K87: ='20 ABRIL (LUNES)'!M87 -> 377433.2 | M87: =K87+O87 -> 377528.2 | O87: 95 | S87: =+S68 -> 8 | U87: =O87/(H87*60*S87)*100000 -> 64.89071
H88: 320 | I88: 318 | K88: ='20 ABRIL (LUNES)'!M88 -> 401522 | M88: =K88+O88 -> 401652 | O88: 130 | S88: =+S87 -> 8 | U88: =O88/(H88*60*S88)*100000 -> 84.635417
H89: 381 | I89: 319 | K89: ='20 ABRIL (LUNES)'!M89 -> 406100 | M89: =K89+O89 -> 406238 | O89: 138 | S89: =+S88 -> 8 | U89: =O89/(H89*60*S89)*100000 -> 75.459318
A90: ATADO PIE | C90: 1 | H90: 340 | I90: 320 | K90: ='20 ABRIL (LUNES)'!M90 -> 389176.3 | M90: =K90+O90 -> 389267.3 | O90: 91 | S90: =+S89 -> 8 | U90: =O90/(H90*60*S90)*100000 -> 55.759804
U92: =AVERAGE(U69:U90) -> 78.702411
G94: Mínimo | H94: Máximo
A95: KARL | B95: TEMPERATURA | G95: =$G$31 -> 20 | H95: =$H$31 -> 29 | Q95: =AVERAGE(K95,M95,O95) -> #DIV/0!
A96: MAYER | B96: HUMEDAD | G96: =$G$32 -> 60 | H96: =$H$32 -> 75 | Q96: =AVERAGE(K96,M96,O96) -> #DIV/0! | S96: MAQUINAS TRABAJANDO
K98: Marcador | M98: Marcador | O98: Marcas | S98: Horas | U98: Eficiencia
A99: Observaciones | B99: R | C99: P | D99: L | E99: tiempo | H99: vel | I99: telar | K99: Inicial | M99: Final
I100: 401
I101: 402
A107: SEGUNDO TURNO SEGUNDO TURNO SEGUNDO TURNO
A108: 2 TURNO | B108: HORARIO: | G108: 14:30-22:30 | K108: SUPERVISOR: | N108: FELIX REYES | R108: DIA: | S108: MARTES | W108: FECHA: | Y108: 46133
A110: COMENTARIO DE PERSONAL
A114: F=FALTA, P=PERMISO, R=RETARDO, C=CASTIGO, I=INCAPACIDAD, V=VACACIONES, FL=FESTIVO LABORADO, FD=FESTIVO DESCANSADO, CL=CAMBIO DE LUGAR, B=BAJA, CT=CAMBIO DE TURNO
A116: Observaciones: | B116: 2.5 HRS T-203 FALLA MAYOR EN SISTEMA RIZADOR , 4 HRS T-204 MACHUCON EN TELAR , 8 HRS T-208 REFACCIÒN RODAJAS 87263
G119: Mínimo | H119: Máximo
A120: JACQUARD | B120: TEMPERATURA | G120: =$G$31 -> 20 | H120: =$H$31 -> 29 | Q120: =AVERAGE(K120,M120,O120) -> #DIV/0! | V120: =AVERAGE(S125:S130) -> 8
A121: SULZER | B121: HUMEDAD | G121: =$G$32 -> 60 | H121: =$H$32 -> 75 | Q121: =AVERAGE(K121,M121,O121) -> #DIV/0! | S121: MAQUINAS TRABAJANDO | V121: =COUNT(S125:S130) -> 4
K123: Marcador | M123: Marcador | O123: Marcas | S123: Horas | U123: Eficiencia | W123: Temp.
A124: Observaciones | B124: R | C124: P | D124: L | E124: tiempo | H124: vel | I124: telar | K124: Inicial | M124: Final | S124: 8
H125: 280 | I125: 207 | K125: ='20 ABRIL (LUNES)'!M125 -> 488153.4 | M125: =K125+O125 -> 488245.4 | O125: 92 | S125: =+S124 -> 8 | U125: =O125/(H125*60*S125)*100000 -> 68.452381
H126: 300 | I126: 208 | K126: ='20 ABRIL (LUNES)'!M126 -> 549507.6 | M126: =K126+O126 -> 549507.6 | O126: 0
H127: 300 | I127: 209 | K127: ='20 ABRIL (LUNES)'!M127 -> 526165.4 | M127: =K127+O127 -> 526282.4 | O127: 117 | S127: =+S124 -> 8 | U127: =O127/(H127*60*S127)*100000 -> 81.25
H128: 290 | I128: 210 | K128: ='20 ABRIL (LUNES)'!M128 -> 604097 | M128: =K128+O128 -> 604214 | O128: 117 | S128: =+S127 -> 8 | U128: =O128/(H128*60*S128)*100000 -> 84.051724
H129: 290 | I129: 211 | K129: ='20 ABRIL (LUNES)'!M129 -> 650303 | M129: =K129+O129 -> 650429 | O129: 126 | S129: =+S128 -> 8 | U129: =O129/(H129*60*S129)*100000 -> 90.517241
U132: =AVERAGE(U125:U130) -> 81.067837 | W132: =AVERAGE(W125:W130) -> #DIV/0!
G134: Mínimo | H134: Máximo
A135: JACQUARD | B135: TEMPERATURA | G135: =$G$31 -> 20 | H135: =$H$31 -> 29 | Q135: =AVERAGE(K135,M135,O135) -> #DIV/0! | V135: =AVERAGE(S140:S148) -> 7.2777778
A136: SMIT | B136: HUMEDAD | G136: =$G$32 -> 60 | H136: =$H$32 -> 75 | Q136: =AVERAGE(K136,M136,O136) -> #DIV/0! | S136: MAQUINAS TRABAJANDO | V136: =COUNT(S140:S148) -> 9
K138: Marcador | M138: Marcador | O138: Marcas | S138: Horas | U138: Eficiencia | W138: Temp.
A139: Observaciones | B139: R | C139: P | D139: L | E139: tiempo | H139: vel | I139: telar | K139: Inicial | M139: Final | S139: 8
A140: ATADO DE RIZO | B140: 1 | H140: 286 | I140: 201 | K140: ='20 ABRIL (LUNES)'!M140 -> 566147.3 | M140: =K140+O140 -> 566234.3 | O140: 87 | S140: =+S139 -> 8 | U140: =O140/(H140*60*S140)*100000 -> 63.374126
H141: 271 | I141: 202 | K141: ='20 ABRIL (LUNES)'!M141 -> 656500.2 | M141: =K141+O141 -> 656588.2 | O141: 88 | S141: =+S140 -> 8 | U141: =O141/(H141*60*S141)*100000 -> 67.650677
A142: SISTEMA RIZADOR | H142: 287 | I142: 203 | K142: ='20 ABRIL (LUNES)'!M142 -> 566820.3 | M142: =K142+O142 -> 566883.3 | O142: 63 | S142: 5.5 | U142: =O142/(H142*60*S142)*100000 -> 66.518847
A143: MACHUCON EN TELAR | H143: 302 | I143: 204 | K143: ='20 ABRIL (LUNES)'!M143 -> 575718.8 | M143: =K143+O143 -> 575772.8 | O143: 54 | S143: 4 | U143: =O143/(H143*60*S143)*100000 -> 74.503311
H144: 294 | I144: 205 | K144: ='20 ABRIL (LUNES)'!M144 -> 571143.3 | M144: =K144+O144 -> 571272.3 | O144: 129 | S144: =+S139 -> 8 | U144: =O144/(H144*60*S144)*100000 -> 91.411565
H145: 303 | I145: 206 | K145: ='20 ABRIL (LUNES)'!M145 -> 601924 | M145: =K145+O145 -> 602026 | O145: 102 | S145: =+S144 -> 8 | U145: =O145/(H145*60*S145)*100000 -> 70.132013
...

Sheet 20 ABRIL (LUNES)
A2: =TODAY()-1 -> 46133
I4: Turno | K4: Jaq | M4: Smit | O4: 300 | Q4: Karl M
I5: 1ro. | K5: =U43 -> 82.110359 | M5: =U61 -> 81.477959 | O5: =U92 -> 78.806465 | Q5: =U103 -> 0
A7: RESUMEN DE EFICIENCIAS | I7: 2do. | K7: =U132 -> 76.969759 | M7: =U150 -> 85.713768 | O7: =U181 -> 74.88394 | Q7: =U192 -> 0
I9: 3er | K9: =+U221 -> 83.531062 | M9: =+U239 -> 80.688243 | O9: =+U270 -> 82.039251 | Q9: =U281 -> 0
I11: 4to. | K11: =+U310 -> 0 | M11: =+U328 -> 0 | O11: =+U359 -> 0 | Q11: =U343 -> 0
H13: Promedio | K13: =(K11+K9+K7+K5)/3 -> 80.870393 | M13: =(M11+M9+M7+M5)/3 -> 82.626657 | O13: =(O11+O9+O7+O5)/3 -> 78.576552 | Q13: =(Q11+Q9+Q7+Q5)/3 -> 0
A18: PRIMER TURNO PRIMER TURNO PRIMER TURNO
A19: 1 TURNO | B19: HORARIO: | G19: 6:30-14:30 | K19: SUPERVISOR: | N19: DANIEL VALTIERRA | R19: DIA: | S19: LUNES | W19: FECHA: | Y19: 46132
A21: COMENTARIO DE PERSONAL
A25: F=FALTA, P=PERMISO, R=RETARDO, C=CASTIGO, I=INCAPACIDAD, V=VACACIONES, FL=FESTIVO LABORADO, FD=FESTIVO DESCANSADO, CL=CAMBIO DE LUGAR, B=BAJA, CT=CAMBIO DE TURNO
A27: Observaciones: | B27: 3 HRS T-312, 5 H T-318 AJUSTE CALIDAD, 8 H T316 CORRECTIVO TIRANTERÍA,
G30: Mínimo | H30: Máximo
A31: JACQUARD | B31: TEMPERATURA | G31: ='19 ABRIL (DOMINGO)'!G31 -> 20 | H31: ='19 ABRIL (DOMINGO)'!H31 -> 29 | Q31: =AVERAGE(K31,M31,O31) -> #DIV/0! | V31: =AVERAGE(S36:S41) -> 8
A32: SULZER | B32: HUMEDAD | G32: ='19 ABRIL (DOMINGO)'!G32 -> 60 | H32: ='19 ABRIL (DOMINGO)'!H32 -> 75 | Q32: =AVERAGE(K32,M32,O32) -> #DIV/0! | S32: MAQUINAS TRABAJANDO | V32: =COUNT(S36:S41) -> 5
K34: Marcador | M34: Marcador | O34: Marcas | S34: Horas | U34: Eficiencia | W34: Temp.
A35: Observaciones | B35: R | C35: P | D35: L | E35: tiempo | H35: vel | I35: telar | K35: Inicial | M35: Final | S35: 8
H36: 280 | I36: 207 | K36: ='19 ABRIL (DOMINGO)'!M36 -> 553747 | M36: =K36+O36 -> 553840 | O36: 93 | S36: =+S35 -> 8 | U36: =O36/(H36*60*S36)*100000 -> 69.196429
A37: FE MOTOR | H37: 300 | I37: 208 | K37: ='19 ABRIL (DOMINGO)'!M37 -> 617432 | M37: =K37+O37 -> 617547 | O37: 115 | S37: =+S36 -> 8 | U37: =O37/(H37*60*S37)*100000 -> 79.861111
A38: ATADO RIZO | B38: 1 | H38: 300 | I38: 209 | K38: ='19 ABRIL (DOMINGO)'!M38 -> 595167 | M38: =K38+O38 -> 595287 | O38: 120 | S38: =+S37 -> 8 | U38: =O38/(H38*60*S38)*100000 -> 83.333333
H39: 290 | I39: 210 | K39: ='19 ABRIL (DOMINGO)'!M39 -> 681806.4 | M39: =K39+O39 -> 681936.4 | O39: 130 | S39: =+S38 -> 8 | U39: =O39/(H39*60*S39)*100000 -> 93.390805
H40: 290 | I40: 211 | K40: ='19 ABRIL (DOMINGO)'!M40 -> 738971.5 | M40: =K40+O40 -> 739089.5 | O40: 118 | S40: =+S39 -> 8 | U40: =O40/(H40*60*S40)*100000 -> 84.770115
U43: =AVERAGE(U36:U41) -> 82.110359 | W43: =AVERAGE(W36:W41) -> #DIV/0!
G45: Mínimo | H45: Máximo
A46: JACQUARD | B46: TEMPERATURA | G46: =$G$31 -> 20 | H46: =$H$31 -> 29 | Q46: =AVERAGE(K46,M46,O46) -> #DIV/0! | V46: =AVERAGE(S51:S59) -> 8
A47: SMIT | B47: HUMEDAD | G47: =$G$32 -> 60 | H47: =$H$32 -> 75 | Q47: =AVERAGE(K47,M47,O47) -> #DIV/0! | S47: MAQUINAS TRABAJANDO | V47: =COUNT(S51:S59) -> 9
K49: Marcador | M49: Marcador | O49: Marcas | S49: Horas | U49: Eficiencia | W49: Temp.
A50: Observaciones | B50: R | C50: P | D50: L | E50: tiempo | H50: vel | I50: telar | K50: Inicial | M50: Final | S50: 8
H51: 286 | I51: 201 | K51: ='19 ABRIL (DOMINGO)'!M51 -> 646969.6 | M51: =K51+O51 -> 647059.6 | O51: 90 | S51: =+S50 -> 8 | U51: =O51/(H51*60*S51)*100000 -> 65.559441
H52: 271 | I52: 202 | K52: ='19 ABRIL (DOMINGO)'!M52 -> 753297.7 | M52: =K52+O52 -> 753407.7 | O52: 110 | S52: =+S51 -> 8 | U52: =O52/(H52*60*S52)*100000 -> 84.563346
H53: 287 | I53: 203 | K53: ='19 ABRIL (DOMINGO)'!M53 -> 654406.8 | M53: =K53+O53 -> 654526.8 | O53: 120 | S53: =+S52 -> 8 | U53: =O53/(H53*60*S53)*100000 -> 87.108014
H54: 302 | I54: 204 | K54: ='19 ABRIL (DOMINGO)'!M54 -> 662530.7 | M54: =K54+O54 -> 662652.7 | O54: 122 | S54: =+S53 -> 8 | U54: =O54/(H54*60*S54)*100000 -> 84.161148
H55: 294 | I55: 205 | K55: ='19 ABRIL (DOMINGO)'!M55 -> 647592.7 | M55: =K55+O55 -> 647728.7 | O55: 136 | S55: =+S54 -> 8 | U55: =O55/(H55*60*S55)*100000 -> 96.371882
H56: 303 | I56: 206 | K56: ='19 ABRIL (DOMINGO)'!M56 -> 677426.3 | M56: =K56+O56 -> 677520.3 | O56: 94 | S56: =+S55 -> 8 | U56: =O56/(H56*60*S56)*100000 -> 64.631463
A57: ATADO RIZO | B57: 1 | H57: 300 | I57: 213 | K57: ='19 ABRIL (DOMINGO)'!M57 -> 633183.9 | M57: =K57+O57 -> 633281.9 | O57: 98 | S57: =+S56 -> 8 | U57: =O57/(H57*60*S57)*100000 -> 68.055556
H58: 305 | I58: 214 | K58: ='19 ABRIL (DOMINGO)'!M58 -> 657292.9 | M58: =K58+O58 -> 657419.9 | O58: 127 | S58: =+S57 -> 8 | U58: =O58/(H58*60*S58)*100000 -> 86.748634
H59: 310 | I59: 215 | K59: ='19 ABRIL (DOMINGO)'!M59 -> 694618.2 | M59: =K59+O59 -> 694761.2 | O59: 143 | S59: =+S58 -> 8 | U59: =O59/(H59*60*S59)*100000 -> 96.102151
U61: =AVERAGE(U51:U59) -> 81.477959 | W61: =AVERAGE(W51:W58) -> #DIV/0!
G63: Mínimo | H63: Máximo
A64: SMIT LISO | B64: TEMPERATURA | G64: =$G$31 -> 20 | H64: =$H$31 -> 29 | Q64: =AVERAGE(K64,M64,O64) -> #DIV/0! | V64: =AVERAGE(S69:S90) -> 7.6190476
A65: 300 | B65: HUMEDAD | G65: =$G$32 -> 60 | H65: =$H$32 -> 75 | Q65: =AVERAGE(K65,M65,O65) -> #DIV/0! | S65: MAQUINAS TRABAJANDO | V65: =COUNT(S69:S90) -> 21
K67: Marcador | M67: Marcador | O67: Marcas | S67: Horas | U67: Eficiencia
A68: Observaciones | B68: R | C68: P | D68: L | E68: tiempo | H68: vel | I68: telar | K68: Inicial | M68: Final | S68: 8
H69: 400 | I69: 299 | K69: ='19 ABRIL (DOMINGO)'!M69 -> 388476.3 | M69: =K69+O69 -> 388625.3 | O69: 149 | S69: =+S68 -> 8 | U69: =O69/(H69*60*S69)*100000 -> 77.604167
H70: 280 | I70: 300 | K70: ='19 ABRIL (DOMINGO)'!M70 -> 370159.9 | M70: =K70+O70 -> 370289.9 | O70: 130 | S70: =+S69 -> 8 | U70: =O70/(H70*60*S70)*100000 -> 96.72619
H71: 380 | I71: 301 | K71: ='19 ABRIL (DOMINGO)'!M71 -> 403620 | M71: =K71+O71 -> 403748 | O71: 128 | S71: =+S70 -> 8 | U71: =O71/(H71*60*S71)*100000 -> 70.175439
H72: 350 | I72: 302 | K72: ='19 ABRIL (DOMINGO)'!M72 -> 407207 | M72: =K72+O72 -> 407356 | O72: 149 | S72: =+S71 -> 8 | U72: =O72/(H72*60*S72)*100000 -> 88.690476
H73: 320 | I73: 303 | K73: ='19 ABRIL (DOMINGO)'!M73 -> 407261.5 | M73: =K73+O73 -> 407391.5 | O73: 130 | S73: =+S72 -> 8 | U73: =O73/(H73*60*S73)*100000 -> 84.635417
H74: 335 | I74: 304 | K74: ='19 ABRIL (DOMINGO)'!M74 -> 414298 | M74: =K74+O74 -> 414435 | O74: 137 | S74: =+S73 -> 8 | U74: =O74/(H74*60*S74)*100000 -> 85.199005
H75: 302 | I75: 305 | K75: ='19 ABRIL (DOMINGO)'!M75 -> 679695.4 | M75: =K75+O75 -> 679836.4 | O75: 141 | S75: =+S74 -> 8 | U75: =O75/(H75*60*S75)*100000 -> 97.268212
A76: ATADO PIE | C76: 1 | H76: 302 | I76: 306 | K76: ='19 ABRIL (DOMINGO)'!M76 -> 646693.8 | M76: =K76+O76 -> 646793.8 | O76: 100 | S76: =+S75 -> 8 | U76: =O76/(H76*60*S76)*100000 -> 68.984547
H77: 304 | I77: 307 | K77: ='19 ABRIL (DOMINGO)'!M77 -> 712335.1 | M77: =K77+O77 -> 712453.1 | O77: 118 | S77: =+S76 -> 8 | U77: =O77/(H77*60*S77)*100000 -> 80.866228
H78: 285 | I78: 308 | K78: ='19 ABRIL (DOMINGO)'!M78 -> 671366.5 | M78: =K78+O78 -> 671432.5 | O78: 66 | S78: =+S77 -> 8 | U78: =O78/(H78*60*S78)*100000 -> 48.245614
H79: 300 | I79: 309 | K79: ='19 ABRIL (DOMINGO)'!M79 -> 670884.4 | M79: =K79+O79 -> 670989.4 | O79: 105 | S79: =+S78 -> 8 | U79: =O79/(H79*60*S79)*100000 -> 72.916667
A80: ATADO RIZO | B80: 1 | H80: 308 | I80: 310 | K80: ='19 ABRIL (DOMINGO)'!M80 -> 635614.8 | M80: =K80+O80 -> 635716.8 | O80: 102 | S80: =+S79 -> 8 | U80: =O80/(H80*60*S80)*100000 -> 68.993506
H81: 330 | I81: 311 | K81: ='19 ABRIL (DOMINGO)'!M81 -> 699671.18 | M81: =K81+O81 -> 699797.18 | O81: 126 | S81: =+S80 -> 8 | U81: =O81/(H81*60*S81)*100000 -> 79.545455
A82: AJUSTE CALIDAD | H82: 254 | I82: 312 | K82: ='19 ABRIL (DOMINGO)'!M82 -> 620748.3 | M82: =K82+O82 -> 620820.3 | O82: 72 | S82: 5 | U82: =O82/(H82*60*S82)*100000 -> 94.488189
H83: 266 | I83: 313 | K83: ='19 ABRIL (DOMINGO)'!M83 -> 684106.5 | M83: =K83+O83 -> 684202.5 | O83: 96 | S83: =+S68 -> 8 | U83: =O83/(H83*60*S83)*100000 -> 75.18797
H84: 330 | I84: 314 | K84: ='19 ABRIL (DOMINGO)'!M84 -> 643954.5 | M84: =K84+O84 -> 644062.5 | O84: 108 | S84: =+S83 -> 8 | U84: =O84/(H84*60*S84)*100000 -> 68.181818
H85: 320 | I85: 315 | K85: ='19 ABRIL (DOMINGO)'!M85 -> 621930.74 | M85: =K85+O85 -> 622032.74 | O85: 102 | S85: =+S84 -> 8 | U85: =O85/(H85*60*S85)*100000 -> 66.40625
A86: CORRECTIVO TIRANTERÍA | H86: 300 | I86: 316 | K86: ='19 ABRIL (DOMINGO)'!M86 -> 644973 | M86: =K86+O86 -> 644973 | O86: 0
H87: 305 | I87: 317 | K87: ='19 ABRIL (DOMINGO)'!M87 -> 377315.2 | M87: =K87+O87 -> 377433.2 | O87: 118 | S87: =+S68 -> 8 | U87: =O87/(H87*60*S87)*100000 -> 80.601093
A88: AJUSTE CALIDAD | H88: 320 | I88: 318 | K88: ='19 ABRIL (DOMINGO)'!M88 -> 401465 | M88: =K88+O88 -> 401522 | O88: 57 | S88: 3 | U88: =O88/(H88*60*S88)*100000 -> 98.958333
H89: 381 | I89: 319 | K89: ='19 ABRIL (DOMINGO)'!M89 -> 405950 | M89: =K89+O89 -> 406100 | O89: 150 | S89: =+S68 -> 8 | U89: =O89/(H89*60*S89)*100000 -> 82.020997
H90: 340 | I90: 320 | K90: ='19 ABRIL (DOMINGO)'!M90 -> 389063.3 | M90: =K90+O90 -> 389176.3 | O90: 113 | S90: =+S89 -> 8 | U90: =O90/(H90*60*S90)*100000 -> 69.240196
U92: =AVERAGE(U69:U90) -> 78.806465
G94: Mínimo | H94: Máximo
A95: KARL | B95: TEMPERATURA | G95: =$G$31 -> 20 | H95: =$H$31 -> 29
A96: MAYER | B96: HUMEDAD | G96: =$G$32 -> 60 | H96: =$H$32 -> 75 | S96: MAQUINAS TRABAJANDO
K98: Marcador | M98: Marcador | O98: Marcas | S98: Horas | U98: Eficiencia
A99: Observaciones | B99: R | C99: P | D99: L | E99: tiempo | H99: vel | I99: telar | K99: Inicial | M99: Final
I100: 401
I101: 402
A107: SEGUNDO TURNO SEGUNDO TURNO SEGUNDO TURNO
A108: 2 TURNO | B108: HORARIO: | G108: 14:30-22:30 | K108: SUPERVISOR: | N108: FELIX REYES | R108: DIA: | S108: LUNES | W108: FECHA: | Y108: 46132
A110: COMENTARIO DE PERSONAL
A114: F=FALTA, P=PERMISO, R=RETARDO, C=CASTIGO, I=INCAPACIDAD, V=VACACIONES, FL=FESTIVO LABORADO, FD=FESTIVO DESCANSADO, CL=CAMBIO DE LUGAR, B=BAJA, CT=CAMBIO DE TURNO
A116: Observaciones: | B116: 7 HRS T-201 FALLA MAYOR EN BATAN DE TELAR , 1.5 HRS T-204 FALLA MAYOR EN EMBRAGUE DE TELAR 2.5 HRS T-202 , 4 HRS T-206 , 3.5 HRS T-301 , 5 HRS T-308 AJUSTE MAYOR DE CALIDAD , 8 HRS T-316 MANTENIMIENTO MAYOR A TIRANTERIA ,
G119: Mínimo | H119: Máximo
A120: JACQUARD | B120: TEMPERATURA | G120: =$G$31 -> 20 | H120: =$H$31 -> 29 | Q120: =AVERAGE(K120,M120,O120) -> #DIV/0! | V120: =AVERAGE(S125:S130) -> 8
A121: SULZER | B121: HUMEDAD | G121: =$G$32 -> 60 | H121: =$H$32 -> 75 | Q121: =AVERAGE(K121,M121,O121) -> #DIV/0! | S121: MAQUINAS TRABAJANDO | V121: =COUNT(S125:S130) -> 5
K123: Marcador | M123: Marcador | O123: Marcas | S123: Horas | U123: Eficiencia | W123: Temp.
A124: Observaciones | B124: R | C124: P | D124: L | E124: tiempo | H124: vel | I124: telar | K124: Inicial | M124: Final | S124: 8
H125: 280 | I125: 207 | K125: ='19 ABRIL (DOMINGO)'!M125 -> 488065.4 | M125: =K125+O125 -> 488153.4 | O125: 88 | S125: =+S124 -> 8 | U125: =O125/(H125*60*S125)*100000 -> 65.47619
H126: 300 | I126: 208 | K126: ='19 ABRIL (DOMINGO)'!M126 -> 549415.6 | M126: =K126+O126 -> 549507.6 | O126: 92 | S126: =+S125 -> 8 | U126: =O126/(H126*60*S126)*100000 -> 63.888889
H127: 300 | I127: 209 | K127: ='19 ABRIL (DOMINGO)'!M127 -> 526064.4 | M127: =K127+O127 -> 526165.4 | O127: 101 | S127: =+S126 -> 8 | U127: =O127/(H127*60*S127)*100000 -> 70.138889
H128: 290 | I128: 210 | K128: ='19 ABRIL (DOMINGO)'!M128 -> 603963 | M128: =K128+O128 -> 604097 | O128: 134 | S128: =+S127 -> 8 | U128: =O128/(H128*60*S128)*100000 -> 96.264368
H129: 290 | I129: 211 | K129: ='19 ABRIL (DOMINGO)'!M129 -> 650179 | M129: =K129+O129 -> 650303 | O129: 124 | S129: =+S128 -> 8 | U129: =O129/(H129*60*S129)*100000 -> 89.08046
U132: =AVERAGE(U125:U130) -> 76.969759 | W132: =AVERAGE(W125:W130) -> #DIV/0!
G134: Mínimo | H134: Máximo
A135: JACQUARD | B135: TEMPERATURA | G135: =$G$31 -> 20 | H135: =$H$31 -> 29 | Q135: =AVERAGE(K135,M135,O135) -> #DIV/0! | V135: =AVERAGE(S140:S148) -> 6.3333333
A136: SMIT | B136: HUMEDAD | G136: =$G$32 -> 60 | H136: =$H$32 -> 75 | Q136: =AVERAGE(K136,M136,O136) -> #DIV/0! | S136: MAQUINAS TRABAJANDO | V136: =COUNT(S140:S148) -> 9
K138: Marcador | M138: Marcador | O138: Marcas | S138: Horas | U138: Eficiencia | W138: Temp.
A139: Observaciones | B139: R | C139: P | D139: L | E139: tiempo | H139: vel | I139: telar | K139: Inicial | M139: Final | S139: 8
A140: FALLA MAYOR EN BATAN | H140: 286 | I140: 201 | K140: ='19 ABRIL (DOMINGO)'!M140 -> 566131.3 | M140: =K140+O140 -> 566147.3 | O140: 16 | S140: 1 | U140: =O140/(H140*60*S140)*100000 -> 93.240093
A141: AJUSTE DE MAYOR DE CALIDAD | H141: 271 | I141: 202 | K141: ='19 ABRIL (DOMINGO)'!M141 -> 656416.2 | M141: =K141+O141 -> 656500.2 | O141: 84 | S141: 5.5 | U141: =O141/(H141*60*S141)*100000 -> 93.928212
H142: 287 | I142: 203 | K142: ='19 ABRIL (DOMINGO)'!M142 -> 566725.3 | M142: =K142+O142 -> 566820.3 | O142: 95 | S142: =+S139 -> 8 | U142: =O142/(H142*60*S142)*100000 -> 68.960511
A143: FALLA MAYOR EN EMBRAGUE DE TELAR | H143: 302 | I143: 204 | K143: ='19 ABRIL (DOMINGO)'!M143 -> 575608.8 | M143: =K143+O143 -> 575718.8 | O143: 110 | S143: 6.5 | U143: =O143/(H143*60*S143)*100000 -> 93.394464
H144: 294 | I144: 205 | K144: ='19 ABRIL (DOMINGO)'!M144 -> 571007.3 | M144: =K144+O144 -> 571143.3 | O144: 136 | S144: =+S139 -> 8 | U144: =O144/(H144*60*S144)*100000 -> 96.371882
A145: AJUSTE DE MAYOR DE CALIDAD | H145: 303 | I145: 206 | K145: ='19 ABRIL (DOMINGO)'!M145 -> 601854 | M145: =K145+O145 -> 601924 | O145: 70 | S145: 4 | U145: =O145/(H145*60*S145)*100000 -> 96.259626
...

Sheet 19 ABRIL (DOMINGO)
A2: =TODAY()-1 -> 46133
I4: Turno | K4: Jaq | M4: Smit | O4: 300 | Q4: Karl M
I5: 1ro. | K5: =U43 -> 79.446373 | M5: =U61 -> 82.427419 | O5: =U92 -> 81.114706 | Q5: =U103 -> 0
A7: RESUMEN DE EFICIENCIAS | I7: 2do. | K7: =U132 -> 64.482074 | M7: =U150 -> 68.55547 | O7: =U181 -> 80.289743 | Q7: =U192 -> 0
I9: 3er | K9: =+U221 -> 85.390326 | M9: =+U239 -> 80.555441 | O9: =+U270 -> 76.824056 | Q9: =U281 -> 0
I11: 4to. | K11: =+U310 -> 0 | M11: =+U328 -> 0 | O11: =+U359 -> 0 | Q11: =U343 -> 0
H13: Promedio | K13: =(K11+K9+K7+K5)/3 -> 76.439591 | M13: =(M11+M9+M7+M5)/3 -> 77.179444 | O13: =(O11+O9+O7+O5)/3 -> 79.409501 | Q13: =(Q11+Q9+Q7+Q5)/3 -> 0
A18: PRIMER TURNO PRIMER TURNO PRIMER TURNO
A19: 1 TURNO | B19: HORARIO: | G19: 6:30-14:30 | K19: SUPERVISOR: | N19: DANIEL VALTIERRA | R19: DIA: | S19: DOMINGO | W19: FECHA: | Y19: 46131
A21: COMENTARIO DE PERSONAL
A25: F=FALTA, P=PERMISO, R=RETARDO, C=CASTIGO, I=INCAPACIDAD, V=VACACIONES, FL=FESTIVO LABORADO, FD=FESTIVO DESCANSADO, CL=CAMBIO DE LUGAR, B=BAJA, CT=CAMBIO DE TURNO
A27: Observaciones: | B27: 2.5 HRS T-201 CINTAS, 8 H T-202 ENDEREZADO / REPASO PEINE, 2.5 HRS T-209 FM PINZAS, 2.5 HRS T-301 FM MALLAS, 1.5 H T-303 FM TUBO ARRASTRE, 4 HRS T-314 4 HRS T-315 AJUSTE MAYOR DE CALIDAD
G30: Mínimo | H30: Máximo
A31: JACQUARD | B31: TEMPERATURA | G31: ='18 ABRIL (SABADO)'!G31 -> 20 | H31: ='18 ABRIL (SABADO)'!H31 -> 29 | Q31: =AVERAGE(K31,M31,O31) -> #DIV/0! | V31: =AVERAGE(S36:S41) -> 7.5
A32: SULZER | B32: HUMEDAD | G32: ='18 ABRIL (SABADO)'!G32 -> 60 | H32: ='18 ABRIL (SABADO)'!H32 -> 75 | Q32: =AVERAGE(K32,M32,O32) -> #DIV/0! | S32: MAQUINAS TRABAJANDO | V32: =COUNT(S36:S41) -> 5
K34: Marcador | M34: Marcador | O34: Marcas | S34: Horas | U34: Eficiencia | W34: Temp.
A35: Observaciones | B35: R | C35: P | D35: L | E35: tiempo | H35: vel | I35: telar | K35: Inicial | M35: Final | S35: 8
A36: ATADO RIZO | B36: 1 | H36: 280 | I36: 207 | K36: ='18 ABRIL (SABADO)'!M36 -> 553693 | M36: =K36+O36 -> 553747 | O36: 54 | S36: =+S35 -> 8 | U36: =O36/(H36*60*S36)*100000 -> 40.178571
H37: 300 | I37: 208 | K37: ='18 ABRIL (SABADO)'!M37 -> 617314 | M37: =K37+O37 -> 617432 | O37: 118 | S37: =+S36 -> 8 | U37: =O37/(H37*60*S37)*100000 -> 81.944444
A38: FM CINTAS | H38: 300 | I38: 209 | K38: ='18 ABRIL (SABADO)'!M38 -> 595076 | M38: =K38+O38 -> 595167 | O38: 91 | S38: 5.5 | U38: =O38/(H38*60*S38)*100000 -> 91.919192
H39: 290 | I39: 210 | K39: ='18 ABRIL (SABADO)'!M39 -> 681671.4 | M39: =K39+O39 -> 681806.4 | O39: 135 | S39: =+S35 -> 8 | U39: =O39/(H39*60*S39)*100000 -> 96.982759
H40: 290 | I40: 211 | K40: ='18 ABRIL (SABADO)'!M40 -> 738851.5 | M40: =K40+O40 -> 738971.5 | O40: 120 | S40: =+S39 -> 8 | U40: =O40/(H40*60*S40)*100000 -> 86.206897
U43: =AVERAGE(U36:U41) -> 79.446373 | W43: =AVERAGE(W36:W41) -> #DIV/0!
G45: Mínimo | H45: Máximo
A46: JACQUARD | B46: TEMPERATURA | G46: =$G$31 -> 20 | H46: =$H$31 -> 29 | Q46: =AVERAGE(K46,M46,O46) -> #DIV/0! | V46: =AVERAGE(S51:S59) -> 7.6875
A47: SMIT | B47: HUMEDAD | G47: =$G$32 -> 60 | H47: =$H$32 -> 75 | Q47: =AVERAGE(K47,M47,O47) -> #DIV/0! | S47: MAQUINAS TRABAJANDO | V47: =COUNT(S51:S59) -> 8
K49: Marcador | M49: Marcador | O49: Marcas | S49: Horas | U49: Eficiencia | W49: Temp.
A50: Observaciones | B50: R | C50: P | D50: L | E50: tiempo | H50: vel | I50: telar | K50: Inicial | M50: Final | S50: 8
A51: FM CINTAS | H51: 286 | I51: 201 | K51: ='18 ABRIL (SABADO)'!M51 -> 646878.6 | M51: =K51+O51 -> 646969.6 | O51: 91 | S51: 5.5 | U51: =O51/(H51*60*S51)*100000 -> 96.418733
A52: ENDEREZADO | H52: 271 | I52: 202 | K52: ='18 ABRIL (SABADO)'!M52 -> 753297.7 | M52: =K52+O52 -> 753297.7 | O52: 0
H53: 287 | I53: 203 | K53: ='18 ABRIL (SABADO)'!M53 -> 654308.8 | M53: =K53+O53 -> 654406.8 | O53: 98 | S53: =+S50 -> 8 | U53: =O53/(H53*60*S53)*100000 -> 71.138211
H54: 302 | I54: 204 | K54: ='18 ABRIL (SABADO)'!M54 -> 662404.7 | M54: =K54+O54 -> 662530.7 | O54: 126 | S54: =+S53 -> 8 | U54: =O54/(H54*60*S54)*100000 -> 86.92053
H55: 294 | I55: 205 | K55: ='18 ABRIL (SABADO)'!M55 -> 647459.7 | M55: =K55+O55 -> 647592.7 | O55: 133 | S55: =+S54 -> 8 | U55: =O55/(H55*60*S55)*100000 -> 94.246032
H56: 303 | I56: 206 | K56: ='18 ABRIL (SABADO)'!M56 -> 677317.3 | M56: =K56+O56 -> 677426.3 | O56: 109 | S56: =+S55 -> 8 | U56: =O56/(H56*60*S56)*100000 -> 74.944994
H57: 300 | I57: 213 | K57: ='18 ABRIL (SABADO)'!M57 -> 633074.9 | M57: =K57+O57 -> 633183.9 | O57: 109 | S57: =+S56 -> 8 | U57: =O57/(H57*60*S57)*100000 -> 75.694444
H58: 305 | I58: 214 | K58: ='18 ABRIL (SABADO)'!M58 -> 657160.9 | M58: =K58+O58 -> 657292.9 | O58: 132 | S58: =+S57 -> 8 | U58: =O58/(H58*60*S58)*100000 -> 90.163934
H59: 310 | I59: 215 | K59: ='18 ABRIL (SABADO)'!M59 -> 694514.2 | M59: =K59+O59 -> 694618.2 | O59: 104 | S59: =+S58 -> 8 | U59: =O59/(H59*60*S59)*100000 -> 69.892473
U61: =AVERAGE(U51:U59) -> 82.427419 | W61: =AVERAGE(W51:W58) -> #DIV/0!
G63: Mínimo | H63: Máximo
A64: SMIT LISO | B64: TEMPERATURA | G64: =$G$31 -> 20 | H64: =$H$31 -> 29 | Q64: =AVERAGE(K64,M64,O64) -> #DIV/0! | V64: =AVERAGE(S69:S90) -> 7.4545455
A65: 300 | B65: HUMEDAD | G65: =$G$32 -> 60 | H65: =$H$32 -> 75 | Q65: =AVERAGE(K65,M65,O65) -> #DIV/0! | S65: MAQUINAS TRABAJANDO | V65: =COUNT(S69:S90) -> 22
K67: Marcador | M67: Marcador | O67: Marcas | S67: Horas | U67: Eficiencia
A68: Observaciones | B68: R | C68: P | D68: L | E68: tiempo | H68: vel | I68: telar | K68: Inicial | M68: Final | S68: 8
A69: ATADO RIZO | B69: 1 | H69: 400 | I69: 299 | K69: ='18 ABRIL (SABADO)'!M69 -> 388372.3 | M69: =K69+O69 -> 388476.3 | O69: 104 | S69: =+S68 -> 8 | U69: =O69/(H69*60*S69)*100000 -> 54.166667
H70: 280 | I70: 300 | K70: ='18 ABRIL (SABADO)'!M70 -> 370028.9 | M70: =K70+O70 -> 370159.9 | O70: 131 | S70: =+S69 -> 8 | U70: =O70/(H70*60*S70)*100000 -> 97.470238
A71: FM MALLAS | H71: 380 | I71: 301 | K71: ='18 ABRIL (SABADO)'!M71 -> 403508 | M71: =K71+O71 -> 403620 | O71: 112 | S71: 5.5 | U71: =O71/(H71*60*S71)*100000 -> 89.314195
H72: 350 | I72: 302 | K72: ='18 ABRIL (SABADO)'!M72 -> 407097 | M72: =K72+O72 -> 407207 | O72: 110 | S72: =+S68 -> 8 | U72: =O72/(H72*60*S72)*100000 -> 65.47619
A73: ATADO RIZO / FM TUBO ARRASTRE | B73: 1 | H73: 320 | I73: 303 | K73: ='18 ABRIL (SABADO)'!M73 -> 407141.5 | M73: =K73+O73 -> 407261.5 | O73: 120 | S73: 6.5 | U73: =O73/(H73*60*S73)*100000 -> 96.153846
H74: 335 | I74: 304 | K74: ='18 ABRIL (SABADO)'!M74 -> 414159 | M74: =K74+O74 -> 414298 | O74: 139 | S74: =+S68 -> 8 | U74: =O74/(H74*60*S74)*100000 -> 86.442786
H75: 302 | I75: 305 | K75: ='18 ABRIL (SABADO)'!M75 -> 679555.4 | M75: =K75+O75 -> 679695.4 | O75: 140 | S75: =+S74 -> 8 | U75: =O75/(H75*60*S75)*100000 -> 96.578366
H76: 302 | I76: 306 | K76: ='18 ABRIL (SABADO)'!M76 -> 646560.8 | M76: =K76+O76 -> 646693.8 | O76: 133 | S76: =+S75 -> 8 | U76: =O76/(H76*60*S76)*100000 -> 91.749448
H77: 304 | I77: 307 | K77: ='18 ABRIL (SABADO)'!M77 -> 712214.1 | M77: =K77+O77 -> 712335.1 | O77: 121 | S77: =+S76 -> 8 | U77: =O77/(H77*60*S77)*100000 -> 82.922149
H78: 285 | I78: 308 | K78: ='18 ABRIL (SABADO)'!M78 -> 671266.5 | M78: =K78+O78 -> 671366.5 | O78: 100 | S78: =+S77 -> 8 | U78: =O78/(H78*60*S78)*100000 -> 73.099415
H79: 300 | I79: 309 | K79: ='18 ABRIL (SABADO)'!M79 -> 670786.4 | M79: =K79+O79 -> 670884.4 | O79: 98 | S79: =+S78 -> 8 | U79: =O79/(H79*60*S79)*100000 -> 68.055556
H80: 308 | I80: 310 | K80: ='18 ABRIL (SABADO)'!M80 -> 635491.8 | M80: =K80+O80 -> 635614.8 | O80: 123 | S80: =+S79 -> 8 | U80: =O80/(H80*60*S80)*100000 -> 83.198052
H81: 330 | I81: 311 | K81: ='18 ABRIL (SABADO)'!M81 -> 699566.18 | M81: =K81+O81 -> 699671.18 | O81: 105 | S81: =+S80 -> 8 | U81: =O81/(H81*60*S81)*100000 -> 66.287879
H82: 254 | I82: 312 | K82: ='18 ABRIL (SABADO)'!M82 -> 620643.3 | M82: =K82+O82 -> 620748.3 | O82: 105 | S82: =+S81 -> 8 | U82: =O82/(H82*60*S82)*100000 -> 86.122047
H83: 266 | I83: 313 | K83: ='18 ABRIL (SABADO)'!M83 -> 684010.5 | M83: =K83+O83 -> 684106.5 | O83: 96 | S83: =+S82 -> 8 | U83: =O83/(H83*60*S83)*100000 -> 75.18797
A84: AJUSTE CALIDAD | H84: 330 | I84: 314 | K84: ='18 ABRIL (SABADO)'!M84 -> 643882.5 | M84: =K84+O84 -> 643954.5 | O84: 72 | S84: 4 | U84: =O84/(H84*60*S84)*100000 -> 90.909091
A85: AJUSTE CALIDAD | H85: 320 | I85: 315 | K85: ='18 ABRIL (SABADO)'!M85 -> 621856.74 | M85: =K85+O85 -> 621930.74 | O85: 74 | S85: 4 | U85: =O85/(H85*60*S85)*100000 -> 96.354167
H86: 300 | I86: 316 | K86: ='18 ABRIL (SABADO)'!M86 -> 644867 | M86: =K86+O86 -> 644973 | O86: 106 | S86: =+S68 -> 8 | U86: =O86/(H86*60*S86)*100000 -> 73.611111
H87: 305 | I87: 317 | K87: ='18 ABRIL (SABADO)'!M87 -> 377188.2 | M87: =K87+O87 -> 377315.2 | O87: 127 | S87: =+S86 -> 8 | U87: =O87/(H87*60*S87)*100000 -> 86.748634
H88: 320 | I88: 318 | K88: ='18 ABRIL (SABADO)'!M88 -> 401324 | M88: =K88+O88 -> 401465 | O88: 141 | S88: =+S87 -> 8 | U88: =O88/(H88*60*S88)*100000 -> 91.796875
H89: 381 | I89: 319 | K89: ='18 ABRIL (SABADO)'!M89 -> 405800 | M89: =K89+O89 -> 405950 | O89: 150 | S89: =+S88 -> 8 | U89: =O89/(H89*60*S89)*100000 -> 82.020997
A90: ATADO RIZO | B90: 1 | H90: 340 | I90: 320 | K90: ='18 ABRIL (SABADO)'!M90 -> 388980.3 | M90: =K90+O90 -> 389063.3 | O90: 83 | S90: =+S89 -> 8 | U90: =O90/(H90*60*S90)*100000 -> 50.857843
U92: =AVERAGE(U69:U90) -> 81.114706
G94: Mínimo | H94: Máximo
A95: KARL | B95: TEMPERATURA | G95: =$G$31 -> 20 | H95: =$H$31 -> 29
A96: MAYER | B96: HUMEDAD | G96: =$G$32 -> 60 | H96: =$H$32 -> 75 | S96: MAQUINAS TRABAJANDO
K98: Marcador | M98: Marcador | O98: Marcas | S98: Horas | U98: Eficiencia
A99: Observaciones | B99: R | C99: P | D99: L | E99: tiempo | H99: vel | I99: telar | K99: Inicial | M99: Final
I100: 401
I101: 402
A107: SEGUNDO TURNO SEGUNDO TURNO SEGUNDO TURNO
A108: 2 TURNO | B108: HORARIO: | G108: 14:30-22:30 | K108: SUPERVISOR: | N108: FELIX REYES | R108: DIA: | S108: DOMINGO | W108: FECHA: | Y108: 46131
A110: COMENTARIO DE PERSONAL
A114: F=FALTA, P=PERMISO, R=RETARDO, C=CASTIGO, I=INCAPACIDAD, V=VACACIONES, FL=FESTIVO LABORADO, FD=FESTIVO DESCANSADO, CL=CAMBIO DE LUGAR, B=BAJA, CT=CAMBIO DE TURNO
A116: Observaciones: | B116: DESCONTAR: 8 HRS A T-202 ENDEREZADO HILOS DE TELAR POR CONATO, # HRS T-208 FALLA DE POLIPASTO Y ATADO DE RIZO # HRS T-203 , # HRS T-209 , # HRS T-314 AJUSTE MAYOR DE CALIDAD ,
G119: Mínimo | H119: Máximo
A120: JACQUARD | B120: TEMPERATURA | G120: =$G$31 -> 20 | H120: =$H$31 -> 29 | Q120: =AVERAGE(K120,M120,O120) -> #DIV/0! | V120: =AVERAGE(S125:S130) -> 8
A121: SULZER | B121: HUMEDAD | G121: =$G$32 -> 60 | H121: =$H$32 -> 75 | Q121: =AVERAGE(K121,M121,O121) -> #DIV/0! | S121: MAQUINAS TRABAJANDO | V121: =COUNT(S125:S130) -> 5
K123: Marcador | M123: Marcador | O123: Marcas | S123: Horas | U123: Eficiencia | W123: Temp.
A124: Observaciones | B124: R | C124: P | D124: L | E124: tiempo | H124: vel | I124: telar | K124: Inicial | M124: Final | S124: 8
A125: FALLA MECANICA | H125: 280 | I125: 207 | K125: ='18 ABRIL (SABADO)'!M125 -> 487983.4 | M125: =K125+O125 -> 488065.4 | O125: 82 | S125: =+S124 -> 8 | U125: =O125/(H125*60*S125)*100000 -> 61.011905
A126: AJUSTE MAYOR DE CALIDAD | H126: 300 | I126: 208 | K126: ='18 ABRIL (SABADO)'!M126 -> 549357.6 | M126: =K126+O126 -> 549415.6 | O126: 58 | S126: =+S125 -> 8 | U126: =O126/(H126*60*S126)*100000 -> 40.277778
A127: AJUSTE MAYOR DE CALIDAD | H127: 300 | I127: 209 | K127: ='18 ABRIL (SABADO)'!M127 -> 525998.4 | M127: =K127+O127 -> 526064.4 | O127: 66 | S127: =+S126 -> 8 | U127: =O127/(H127*60*S127)*100000 -> 45.833333
H128: 290 | I128: 210 | K128: ='18 ABRIL (SABADO)'!M128 -> 603830 | M128: =K128+O128 -> 603963 | O128: 133 | S128: =+S127 -> 8 | U128: =O128/(H128*60*S128)*100000 -> 95.545977
H129: 290 | I129: 211 | K129: ='18 ABRIL (SABADO)'!M129 -> 650068 | M129: =K129+O129 -> 650179 | O129: 111 | S129: =+S128 -> 8 | U129: =O129/(H129*60*S129)*100000 -> 79.741379
U132: =AVERAGE(U125:U130) -> 64.482074 | W132: =AVERAGE(W125:W130) -> #DIV/0!
G134: Mínimo | H134: Máximo
A135: JACQUARD | B135: TEMPERATURA | G135: =$G$31 -> 20 | H135: =$H$31 -> 29 | Q135: =AVERAGE(K135,M135,O135) -> #DIV/0! | V135: =AVERAGE(S140:S148) -> 8
A136: SMIT | B136: HUMEDAD | G136: =$G$32 -> 60 | H136: =$H$32 -> 75 | Q136: =AVERAGE(K136,M136,O136) -> #DIV/0! | S136: MAQUINAS TRABAJANDO | V136: =COUNT(S140:S148) -> 9
K138: Marcador | M138: Marcador | O138: Marcas | S138: Horas | U138: Eficiencia | W138: Temp.
A139: Observaciones | B139: R | C139: P | D139: L | E139: tiempo | H139: vel | I139: telar | K139: Inicial | M139: Final | S139: 8
H140: 286 | I140: 201 | K140: ='18 ABRIL (SABADO)'!M140 -> 566014.3 | M140: =K140+O140 -> 566131.3 | O140: 117 | S140: =+S139 -> 8 | U140: =O140/(H140*60*S140)*100000 -> 85.227273
H141: 271 | I141: 202 | K141: ='18 ABRIL (SABADO)'!M141 -> 656409.2 | M141: =K141+O141 -> 656416.2 | O141: 7 | S141: =+S140 -> 8 | U141: =O141/(H141*60*S141)*100000 -> 5.3813038
A142: AJUSTE MAYOR DE CALIDAD | H142: 287 | I142: 203 | K142: ='18 ABRIL (SABADO)'!M142 -> 566656.3 | M142: =K142+O142 -> 566725.3 | O142: 69 | S142: =+S141 -> 8 | U142: =O142/(H142*60*S142)*100000 -> 50.087108
H143: 302 | I143: 204 | K143: ='18 ABRIL (SABADO)'!M143 -> 575498.8 | M143: =K143+O143 -> 575608.8 | O143: 110 | S143: =+S142 -> 8 | U143: =O143/(H143*60*S143)*100000 -> 75.883002
H144: 294 | I144: 205 | K144: ='18 ABRIL (SABADO)'!M144 -> 570875.3 | M144: =K144+O144 -> 571007.3 | O144: 132 | S144: =+S143 -> 8 | U144: =O144/(H144*60*S144)*100000 -> 93.537415
H145: 303 | I145: 206 | K145: ='18 ABRIL (SABADO)'!M145 -> 601724 | M145: =K145+O145 -> 601854 | O145: 130 | S145: =+S144 -> 8 | U145: =O145/(H145*60*S145)*100000 -> 89.383938
...

Sheet 18 ABRIL (SABADO)
A2: =TODAY()-1 -> 46133
I4: Turno | K4: Jaq | M4: Smit | O4: 300 | Q4: Karl M
I5: 1ro. | K5: =U43 -> 83.16092 | M5: =U61 -> 76.320769 | O5: =U92 -> 82.475943 | Q5: =U103 -> 0
A7: RESUMEN DE EFICIENCIAS | I7: 2do. | K7: =U132 -> 80.020183 | M7: =U150 -> 73.605767 | O7: =U181 -> 79.717194 | Q7: =U192 -> 0
I9: 3er | K9: =+U221 -> 78.663451 | M9: =+U239 -> 79.508751 | O9: =+U270 -> 80.828038 | Q9: =U281 -> 0
I11: 4to. | K11: =+U310 -> 0 | M11: =+U328 -> 0 | O11: =+U359 -> 0 | Q11: =U343 -> 0
H13: Promedio | K13: =(K11+K9+K7+K5)/3 -> 80.614851 | M13: =(M11+M9+M7+M5)/3 -> 76.478429 | O13: =(O11+O9+O7+O5)/3 -> 81.007058 | Q13: =(Q11+Q9+Q7+Q5)/3 -> 0
A18: PRIMER TURNO PRIMER TURNO PRIMER TURNO
A19: 1 TURNO | B19: HORARIO: | G19: 6:30-14:30 | K19: SUPERVISOR: | N19: DANIEL VALTIERRA | R19: DIA: | S19: SABADO | W19: FECHA: | Y19: 46130
A21: COMENTARIO DE PERSONAL
A25: F=FALTA, P=PERMISO, R=RETARDO, C=CASTIGO, I=INCAPACIDAD, V=VACACIONES, FL=FESTIVO LABORADO, FD=FESTIVO DESCANSADO, CL=CAMBIO DE LUGAR, B=BAJA, CT=CAMBIO DE TURNO
A27: Observaciones: | B27: 8 H T-202 REPASO TOTAL, 8 H T-301 MANTENIMIENTO A BALANCINES, 2.5 T-314, 2.5 T-320 AJUSTE CALIDAD
G30: Mínimo | H30: Máximo
A31: JACQUARD | B31: TEMPERATURA | G31: ='17 ABRIL (VIERNES)'!G31 -> 20 | H31: ='17 ABRIL (VIERNES)'!H31 -> 29 | Q31: =AVERAGE(K31,M31,O31) -> #DIV/0! | V31: =AVERAGE(S36:S41) -> 8
A32: SULZER | B32: HUMEDAD | G32: ='17 ABRIL (VIERNES)'!G32 -> 60 | H32: ='17 ABRIL (VIERNES)'!H32 -> 75 | Q32: =AVERAGE(K32,M32,O32) -> #DIV/0! | S32: MAQUINAS TRABAJANDO | V32: =COUNT(S36:S41) -> 5
K34: Marcador | M34: Marcador | O34: Marcas | S34: Horas | U34: Eficiencia | W34: Temp.
A35: Observaciones | B35: R | C35: P | D35: L | E35: tiempo | H35: vel | I35: telar | K35: Inicial | M35: Final | S35: 8
H36: 280 | I36: 207 | K36: ='17 ABRIL (VIERNES)'!M36 -> 553595 | M36: =K36+O36 -> 553693 | O36: 98 | S36: =+S35 -> 8 | U36: =O36/(H36*60*S36)*100000 -> 72.916667
H37: 300 | I37: 208 | K37: ='17 ABRIL (VIERNES)'!M37 -> 617198 | M37: =K37+O37 -> 617314 | O37: 116 | S37: =+S36 -> 8 | U37: =O37/(H37*60*S37)*100000 -> 80.555556
H38: 300 | I38: 209 | K38: ='17 ABRIL (VIERNES)'!M38 -> 594961 | M38: =K38+O38 -> 595076 | O38: 115 | S38: =+S37 -> 8 | U38: =O38/(H38*60*S38)*100000 -> 79.861111
H39: 290 | I39: 210 | K39: ='17 ABRIL (VIERNES)'!M39 -> 681539.4 | M39: =K39+O39 -> 681671.4 | O39: 132 | S39: =+S35 -> 8 | U39: =O39/(H39*60*S39)*100000 -> 94.827586
H40: 290 | I40: 211 | K40: ='17 ABRIL (VIERNES)'!M40 -> 738729.5 | M40: =K40+O40 -> 738851.5 | O40: 122 | S40: =+S39 -> 8 | U40: =O40/(H40*60*S40)*100000 -> 87.643678
U43: =AVERAGE(U36:U41) -> 83.16092 | W43: =AVERAGE(W36:W41) -> #DIV/0!
G45: Mínimo | H45: Máximo
A46: JACQUARD | B46: TEMPERATURA | G46: =$G$31 -> 20 | H46: =$H$31 -> 29 | Q46: =AVERAGE(K46,M46,O46) -> #DIV/0! | V46: =AVERAGE(S51:S59) -> 8
A47: SMIT | B47: HUMEDAD | G47: =$G$32 -> 60 | H47: =$H$32 -> 75 | Q47: =AVERAGE(K47,M47,O47) -> #DIV/0! | S47: MAQUINAS TRABAJANDO | V47: =COUNT(S51:S59) -> 8
K49: Marcador | M49: Marcador | O49: Marcas | S49: Horas | U49: Eficiencia | W49: Temp.
A50: Observaciones | B50: R | C50: P | D50: L | E50: tiempo | H50: vel | I50: telar | K50: Inicial | M50: Final | S50: 8
H51: 286 | I51: 201 | K51: ='17 ABRIL (VIERNES)'!M51 -> 646773.6 | M51: =K51+O51 -> 646878.6 | O51: 105 | S51: =+S50 -> 8 | U51: =O51/(H51*60*S51)*100000 -> 76.486014
A52: REPASO TOTAL | H52: 271 | I52: 202 | K52: ='17 ABRIL (VIERNES)'!M52 -> 753297.7 | M52: =K52+O52 -> 753297.7 | O52: 0
H53: 287 | I53: 203 | K53: ='17 ABRIL (VIERNES)'!M53 -> 654213.8 | M53: =K53+O53 -> 654308.8 | O53: 95 | S53: =+S50 -> 8 | U53: =O53/(H53*60*S53)*100000 -> 68.960511
H54: 302 | I54: 204 | K54: ='17 ABRIL (VIERNES)'!M54 -> 662299.7 | M54: =K54+O54 -> 662404.7 | O54: 105 | S54: =+S53 -> 8 | U54: =O54/(H54*60*S54)*100000 -> 72.433775
H55: 294 | I55: 205 | K55: ='17 ABRIL (VIERNES)'!M55 -> 647346.7 | M55: =K55+O55 -> 647459.7 | O55: 113 | S55: =+S54 -> 8 | U55: =O55/(H55*60*S55)*100000 -> 80.073696
H56: 303 | I56: 206 | K56: ='17 ABRIL (VIERNES)'!M56 -> 677229.3 | M56: =K56+O56 -> 677317.3 | O56: 88 | S56: =+S55 -> 8 | U56: =O56/(H56*60*S56)*100000 -> 60.506051
H57: 300 | I57: 213 | K57: ='17 ABRIL (VIERNES)'!M57 -> 632949.9 | M57: =K57+O57 -> 633074.9 | O57: 125 | S57: =+S56 -> 8 | U57: =O57/(H57*60*S57)*100000 -> 86.805556
H58: 305 | I58: 214 | K58: ='17 ABRIL (VIERNES)'!M58 -> 657040.9 | M58: =K58+O58 -> 657160.9 | O58: 120 | S58: =+S57 -> 8 | U58: =O58/(H58*60*S58)*100000 -> 81.967213
H59: 310 | I59: 215 | K59: ='17 ABRIL (VIERNES)'!M59 -> 694390.2 | M59: =K59+O59 -> 694514.2 | O59: 124 | S59: =+S58 -> 8 | U59: =O59/(H59*60*S59)*100000 -> 83.333333
U61: =AVERAGE(U51:U59) -> 76.320769 | W61: =AVERAGE(W51:W58) -> #DIV/0!
G63: Mínimo | H63: Máximo
A64: SMIT LISO | B64: TEMPERATURA | G64: =$G$31 -> 20 | H64: =$H$31 -> 29 | Q64: =AVERAGE(K64,M64,O64) -> #DIV/0! | V64: =AVERAGE(S69:S90) -> 7.7619048
A65: 300 | B65: HUMEDAD | G65: =$G$32 -> 60 | H65: =$H$32 -> 75 | Q65: =AVERAGE(K65,M65,O65) -> #DIV/0! | S65: MAQUINAS TRABAJANDO | V65: =COUNT(S69:S90) -> 21
K67: Marcador | M67: Marcador | O67: Marcas | S67: Horas | U67: Eficiencia
A68: Observaciones | B68: R | C68: P | D68: L | E68: tiempo | H68: vel | I68: telar | K68: Inicial | M68: Final | S68: 8
H69: 400 | I69: 299 | K69: ='17 ABRIL (VIERNES)'!M69 -> 388232.3 | M69: =K69+O69 -> 388372.3 | O69: 140 | S69: =+S68 -> 8 | U69: =O69/(H69*60*S69)*100000 -> 72.916667
H70: 280 | I70: 300 | K70: ='17 ABRIL (VIERNES)'!M70 -> 369895.9 | M70: =K70+O70 -> 370028.9 | O70: 133 | S70: =+S69 -> 8 | U70: =O70/(H70*60*S70)*100000 -> 98.958333
A71: MANTENIMIENTO A BALANCINES | H71: 380 | I71: 301 | K71: ='17 ABRIL (VIERNES)'!M71 -> 403508 | M71: =K71+O71 -> 403508 | O71: 0
H72: 350 | I72: 302 | K72: ='17 ABRIL (VIERNES)'!M72 -> 406962 | M72: =K72+O72 -> 407097 | O72: 135 | S72: =+S68 -> 8 | U72: =O72/(H72*60*S72)*100000 -> 80.357143
H73: 320 | I73: 303 | K73: ='17 ABRIL (VIERNES)'!M73 -> 407027.5 | M73: =K73+O73 -> 407141.5 | O73: 114 | S73: =+S72 -> 8 | U73: =O73/(H73*60*S73)*100000 -> 74.21875
H74: 335 | I74: 304 | K74: ='17 ABRIL (VIERNES)'!M74 -> 414018 | M74: =K74+O74 -> 414159 | O74: 141 | S74: =+S73 -> 8 | U74: =O74/(H74*60*S74)*100000 -> 87.686567
H75: 302 | I75: 305 | K75: ='17 ABRIL (VIERNES)'!M75 -> 679426.4 | M75: =K75+O75 -> 679555.4 | O75: 129 | S75: =+S74 -> 8 | U75: =O75/(H75*60*S75)*100000 -> 88.990066
H76: 302 | I76: 306 | K76: ='17 ABRIL (VIERNES)'!M76 -> 646441.8 | M76: =K76+O76 -> 646560.8 | O76: 119 | S76: =+S75 -> 8 | U76: =O76/(H76*60*S76)*100000 -> 82.091611
H77: 304 | I77: 307 | K77: ='17 ABRIL (VIERNES)'!M77 -> 712082.1 | M77: =K77+O77 -> 712214.1 | O77: 132 | S77: =+S76 -> 8 | U77: =O77/(H77*60*S77)*100000 -> 90.460526
H78: 285 | I78: 308 | K78: ='17 ABRIL (VIERNES)'!M78 -> 671154.5 | M78: =K78+O78 -> 671266.5 | O78: 112 | S78: =+S77 -> 8 | U78: =O78/(H78*60*S78)*100000 -> 81.871345
H79: 300 | I79: 309 | K79: ='17 ABRIL (VIERNES)'!M79 -> 670670.4 | M79: =K79+O79 -> 670786.4 | O79: 116 | S79: =+S78 -> 8 | U79: =O79/(H79*60*S79)*100000 -> 80.555556
H80: 308 | I80: 310 | K80: ='17 ABRIL (VIERNES)'!M80 -> 635363.8 | M80: =K80+O80 -> 635491.8 | O80: 128 | S80: =+S79 -> 8 | U80: =O80/(H80*60*S80)*100000 -> 86.580087
A81: ATADO RIZO | B81: 1 | H81: 330 | I81: 311 | K81: ='17 ABRIL (VIERNES)'!M81 -> 699500.18 | M81: =K81+O81 -> 699566.18 | O81: 66 | S81: =+S80 -> 8 | U81: =O81/(H81*60*S81)*100000 -> 41.666667
H82: 254 | I82: 312 | K82: ='17 ABRIL (VIERNES)'!M82 -> 620548.3 | M82: =K82+O82 -> 620643.3 | O82: 95 | S82: =+S81 -> 8 | U82: =O82/(H82*60*S82)*100000 -> 77.919948
H83: 266 | I83: 313 | K83: ='17 ABRIL (VIERNES)'!M83 -> 683897.5 | M83: =K83+O83 -> 684010.5 | O83: 113 | S83: =+S82 -> 8 | U83: =O83/(H83*60*S83)*100000 -> 88.502506
A84: AJUSTE CALIDAD | H84: 330 | I84: 314 | K84: ='17 ABRIL (VIERNES)'!M84 -> 643781.5 | M84: =K84+O84 -> 643882.5 | O84: 101 | S84: 5.5 | U84: =O84/(H84*60*S84)*100000 -> 92.745638
H85: 320 | I85: 315 | K85: ='17 ABRIL (VIERNES)'!M85 -> 621749.74 | M85: =K85+O85 -> 621856.74 | O85: 107 | S85: =+S68 -> 8 | U85: =O85/(H85*60*S85)*100000 -> 69.661458
H86: 300 | I86: 316 | K86: ='17 ABRIL (VIERNES)'!M86 -> 644760 | M86: =K86+O86 -> 644867 | O86: 107 | S86: =+S85 -> 8 | U86: =O86/(H86*60*S86)*100000 -> 74.305556
H87: 305 | I87: 317 | K87: ='17 ABRIL (VIERNES)'!M87 -> 377059.2 | M87: =K87+O87 -> 377188.2 | O87: 129 | S87: =+S86 -> 8 | U87: =O87/(H87*60*S87)*100000 -> 88.114754
H88: 320 | I88: 318 | K88: ='17 ABRIL (VIERNES)'!M88 -> 401175 | M88: =K88+O88 -> 401324 | O88: 149 | S88: =+S87 -> 8 | U88: =O88/(H88*60*S88)*100000 -> 97.005208
H89: 381 | I89: 319 | K89: ='17 ABRIL (VIERNES)'!M89 -> 405650 | M89: =K89+O89 -> 405800 | O89: 150 | S89: =+S88 -> 8 | U89: =O89/(H89*60*S89)*100000 -> 82.020997
A90: AJUSTE CALIDAD | H90: 340 | I90: 320 | K90: ='17 ABRIL (VIERNES)'!M90 -> 388873.3 | M90: =K90+O90 -> 388980.3 | O90: 107 | S90: 5.5 | U90: =O90/(H90*60*S90)*100000 -> 95.365419
U92: =AVERAGE(U69:U90) -> 82.475943
G94: Mínimo | H94: Máximo
A95: KARL | B95: TEMPERATURA | G95: =$G$31 -> 20 | H95: =$H$31 -> 29
A96: MAYER | B96: HUMEDAD | G96: =$G$32 -> 60 | H96: =$H$32 -> 75 | S96: MAQUINAS TRABAJANDO
K98: Marcador | M98: Marcador | O98: Marcas | S98: Horas | U98: Eficiencia
A99: Observaciones | B99: R | C99: P | D99: L | E99: tiempo | H99: vel | I99: telar | K99: Inicial | M99: Final
I100: 401 | K100: ='17 ABRIL (VIERNES)'!M100 -> 0 | M100: =K100+O100 -> 0
I101: 402 | K101: ='17 ABRIL (VIERNES)'!M101 -> 0 | M101: =K101+O101 -> 0
A107: SEGUNDO TURNO SEGUNDO TURNO SEGUNDO TURNO
A108: 2 TURNO | B108: HORARIO: | G108: 14:30-22:30 | K108: SUPERVISOR: | N108: DANIEL / / JOSUE | R108: DIA: | S108: SABADO | W108: FECHA: | Y108: 46130
A110: COMENTARIO DE PERSONAL
A114: F=FALTA, P=PERMISO, R=RETARDO, C=CASTIGO, I=INCAPACIDAD, V=VACACIONES, FL=FESTIVO LABORADO, FD=FESTIVO DESCANSADO, CL=CAMBIO DE LUGAR, B=BAJA, CT=CAMBIO DE TURNO
A116: Observaciones: | B116: 8 H T-202 ENDEREZADO,8 H T-301PRUEBAS ARRANQUE / ENDEREZADO, 2 H T-315 DESARROLLO DIBUJO, 1.5 H T-317 AJUSTE CALIDAD
G119: Mínimo | H119: Máximo
A120: JACQUARD | B120: TEMPERATURA | G120: =$G$31 -> 20 | H120: =$H$31 -> 29 | Q120: =AVERAGE(K120,M120,O120) -> #DIV/0! | V120: =AVERAGE(S125:S130) -> 8
A121: SULZER | B121: HUMEDAD | G121: =$G$32 -> 60 | H121: =$H$32 -> 75 | Q121: =AVERAGE(K121,M121,O121) -> #DIV/0! | S121: MAQUINAS TRABAJANDO | V121: =COUNT(S125:S130) -> 5
K123: Marcador | M123: Marcador | O123: Marcas | S123: Horas | U123: Eficiencia | W123: Temp.
A124: Observaciones | B124: R | C124: P | D124: L | E124: tiempo | H124: vel | I124: telar | K124: Inicial | M124: Final | S124: 8
H125: 280 | I125: 207 | K125: ='17 ABRIL (VIERNES)'!M125 -> 487882.4 | M125: =K125+O125 -> 487983.4 | O125: 101 | S125: =+S124 -> 8 | U125: =O125/(H125*60*S125)*100000 -> 75.14881
H126: 300 | I126: 208 | K126: ='17 ABRIL (VIERNES)'!M126 -> 549252.6 | M126: =K126+O126 -> 549357.6 | O126: 105 | S126: =+S125 -> 8 | U126: =O126/(H126*60*S126)*100000 -> 72.916667
A127: FM MÒDULOS | H127: 300 | I127: 209 | K127: ='17 ABRIL (VIERNES)'!M127 -> 525903.4 | M127: =K127+O127 -> 525998.4 | O127: 95 | S127: =+S126 -> 8 | U127: =O127/(H127*60*S127)*100000 -> 65.972222
H128: 290 | I128: 210 | K128: ='17 ABRIL (VIERNES)'!M128 -> 603699 | M128: =K128+O128 -> 603830 | O128: 131 | S128: =+S127 -> 8 | U128: =O128/(H128*60*S128)*100000 -> 94.109195
H129: 290 | I129: 211 | K129: ='17 ABRIL (VIERNES)'!M129 -> 649940 | M129: =K129+O129 -> 650068 | O129: 128 | S129: =+S128 -> 8 | U129: =O129/(H129*60*S129)*100000 -> 91.954023
U132: =AVERAGE(U125:U130) -> 80.020183 | W132: =AVERAGE(W125:W130) -> #DIV/0!
G134: Mínimo | H134: Máximo
A135: JACQUARD | B135: TEMPERATURA | G135: =$G$31 -> 20 | H135: =$H$31 -> 29 | Q135: =AVERAGE(K135,M135,O135) -> #DIV/0! | V135: =AVERAGE(S140:S148) -> 8
A136: SMIT | B136: HUMEDAD | G136: =$G$32 -> 60 | H136: =$H$32 -> 75 | Q136: =AVERAGE(K136,M136,O136) -> #DIV/0! | S136: MAQUINAS TRABAJANDO | V136: =COUNT(S140:S148) -> 8
K138: Marcador | M138: Marcador | O138: Marcas | S138: Horas | U138: Eficiencia | W138: Temp.
A139: Observaciones | B139: R | C139: P | D139: L | E139: tiempo | H139: vel | I139: telar | K139: Inicial | M139: Final | S139: 8
H140: 286 | I140: 201 | K140: ='17 ABRIL (VIERNES)'!M140 -> 565916.3 | M140: =K140+O140 -> 566014.3 | O140: 98 | S140: =+S139 -> 8 | U140: =O140/(H140*60*S140)*100000 -> 71.386946
A141: ENDEREZADO | H141: 271 | I141: 202 | K141: ='17 ABRIL (VIERNES)'!M141 -> 656409.2 | M141: =K141+O141 -> 656409.2 | O141: 0
H142: 287 | I142: 203 | K142: ='17 ABRIL (VIERNES)'!M142 -> 566559.3 | M142: =K142+O142 -> 566656.3 | O142: 97 | S142: =+S139 -> 8 | U142: =O142/(H142*60*S142)*100000 -> 70.412311
H143: 302 | I143: 204 | K143: ='17 ABRIL (VIERNES)'!M143 -> 575400.8 | M143: =K143+O143 -> 575498.8 | O143: 98 | S143: =+S142 -> 8 | U143: =O143/(H143*60*S143)*100000 -> 67.604857
A144: ATADO PIE | C144: 1 | H144: 294 | I144: 205 | K144: ='17 ABRIL (VIERNES)'!M144 -> 570799.3 | M144: =K144+O144 -> 570875.3 | O144: 76 | S144: =+S143 -> 8 | U144: =O144/(H144*60*S144)*100000 -> 53.854875
H145: 303 | I145: 206 | K145: ='17 ABRIL (VIERNES)'!M145 -> 601620 | M145: =K145+O145 -> 601724 | O145: 104 | S145: =+S144 -> 8 | U145: =O145/(H145*60*S145)*100000 -> 71.507151
...

Sheet 17 ABRIL (VIERNES)
A2: =TODAY()-1 -> 46133
I4: Turno | K4: Jaq | M4: Smit | O4: 300 | Q4: Karl M
I5: 1ro. | K5: =U43 -> 86.362206 | M5: =U61 -> 76.376036 | O5: =U92 -> 82.535188 | Q5: =U103 -> 0
A7: RESUMEN DE EFICIENCIAS | I7: 2do. | K7: =U132 -> 71.401546 | M7: =U150 -> 79.949231 | O7: =U181 -> 75.564488 | Q7: =U192 -> 0
I9: 3er | K9: =+U221 -> 76.677271 | M9: =+U239 -> 78.299289 | O9: =+U270 -> 79.452556 | Q9: =U281 -> 0
I11: 4to. | K11: =+U310 -> 0 | M11: =+U328 -> 0 | O11: =+U359 -> 0 | Q11: =U343 -> 0
H13: Promedio | K13: =(K11+K9+K7+K5)/3 -> 78.147008 | M13: =(M11+M9+M7+M5)/3 -> 78.208185 | O13: =(O11+O9+O7+O5)/3 -> 79.184077 | Q13: =(Q11+Q9+Q7+Q5)/3 -> 0
A18: PRIMER TURNO PRIMER TURNO PRIMER TURNO
A19: 1 TURNO | B19: HORARIO: | G19: 06:30-14:30 | K19: SUPERVISOR: | N19: FELIX REYES | R19: DIA: | S19: VIERNES | W19: FECHA: | Y19: 46129
A21: COMENTARIO DE PERSONAL
A25: F=FALTA, P=PERMISO, R=RETARDO, C=CASTIGO, I=INCAPACIDAD, V=VACACIONES, FL=FESTIVO LABORADO, FD=FESTIVO DESCANSADO, CL=CAMBIO DE LUGAR, B=BAJA, CT=CAMBIO DE TURNO
A27: Observaciones: | B27: DESCONTAR: 8 HRS A T-202 ENDEREZADO HILOS DE TELAR POR CONATO, 4.5 HRS T-205 , 4 HRS T-207 , 2 HRS T-317 AJUSTE MAYOR DE CALIDAD , 2 HRS T-301 MANTENIMIENTO BALANCINES DE TELAR .
G30: Mínimo | H30: Máximo
A31: JACQUARD | B31: TEMPERATURA | G31: ='16 ABRIL (JUEVES)'!G31 -> 20 | H31: ='16 ABRIL (JUEVES)'!H31 -> 29 | Q31: =AVERAGE(K31,M31,O31) -> #DIV/0! | V31: =AVERAGE(S36:S41) -> 7.2
A32: SULZER | B32: HUMEDAD | G32: ='16 ABRIL (JUEVES)'!G32 -> 60 | H32: ='16 ABRIL (JUEVES)'!H32 -> 75 | Q32: =AVERAGE(K32,M32,O32) -> #DIV/0! | S32: MAQUINAS TRABAJANDO | V32: =COUNT(S36:S41) -> 5
K34: Marcador | M34: Marcador | O34: Marcas | S34: Horas | U34: Eficiencia | W34: Temp.
A35: Observaciones | B35: R | C35: P | D35: L | E35: tiempo | H35: vel | I35: telar | K35: Inicial | M35: Final | S35: 8
A36: AJUSTE DE CALIDAD MAYOR | H36: 280 | I36: 207 | K36: ='16 ABRIL (JUEVES)'!M36 -> 553536 | M36: =K36+O36 -> 553595 | O36: 59 | S36: 4 | U36: =O36/(H36*60*S36)*100000 -> 87.797619
H37: 300 | I37: 208 | K37: ='16 ABRIL (JUEVES)'!M37 -> 617080 | M37: =K37+O37 -> 617198 | O37: 118 | S37: =+S35 -> 8 | U37: =O37/(H37*60*S37)*100000 -> 81.944444
H38: 300 | I38: 209 | K38: ='16 ABRIL (JUEVES)'!M38 -> 594835 | M38: =K38+O38 -> 594961 | O38: 126 | S38: =+S37 -> 8 | U38: =O38/(H38*60*S38)*100000 -> 87.5
H39: 290 | I39: 210 | K39: ='16 ABRIL (JUEVES)'!M39 -> 681416.4 | M39: =K39+O39 -> 681539.4 | O39: 123 | S39: =+S38 -> 8 | U39: =O39/(H39*60*S39)*100000 -> 88.362069
H40: 290 | I40: 211 | K40: ='16 ABRIL (JUEVES)'!M40 -> 738609.5 | M40: =K40+O40 -> 738729.5 | O40: 120 | S40: =+S39 -> 8 | U40: =O40/(H40*60*S40)*100000 -> 86.206897
U43: =AVERAGE(U36:U41) -> 86.362206 | W43: =AVERAGE(W36:W41) -> #DIV/0!
G45: Mínimo | H45: Máximo
A46: JACQUARD | B46: TEMPERATURA | G46: =$G$31 -> 20 | H46: =$H$31 -> 29 | Q46: =AVERAGE(K46,M46,O46) -> #DIV/0! | V46: =AVERAGE(S51:S59) -> 7.4375
A47: SMIT | B47: HUMEDAD | G47: =$G$32 -> 60 | H47: =$H$32 -> 75 | Q47: =AVERAGE(K47,M47,O47) -> #DIV/0! | S47: MAQUINAS TRABAJANDO | V47: =COUNT(S51:S59) -> 8
K49: Marcador | M49: Marcador | O49: Marcas | S49: Horas | U49: Eficiencia | W49: Temp.
A50: Observaciones | B50: R | C50: P | D50: L | E50: tiempo | H50: vel | I50: telar | K50: Inicial | M50: Final | S50: 8
H51: 286 | I51: 201 | K51: ='16 ABRIL (JUEVES)'!M51 -> 646649.6 | M51: =K51+O51 -> 646773.6 | O51: 124 | S51: =+S50 -> 8 | U51: =O51/(H51*60*S51)*100000 -> 90.32634
A52: ENDEREZADO DE HILOS POR CONATO | H52: 271 | I52: 202 | K52: ='16 ABRIL (JUEVES)'!M52 -> 753297.7 | M52: =K52+O52 -> 753297.7 | O52: 0
H53: 287 | I53: 203 | K53: ='16 ABRIL (JUEVES)'!M53 -> 654104.8 | M53: =K53+O53 -> 654213.8 | O53: 109 | S53: =+S50 -> 8 | U53: =O53/(H53*60*S53)*100000 -> 79.123113
H54: 302 | I54: 204 | K54: ='16 ABRIL (JUEVES)'!M54 -> 662184.7 | M54: =K54+O54 -> 662299.7 | O54: 115 | S54: =+S53 -> 8 | U54: =O54/(H54*60*S54)*100000 -> 79.33223
A55: AJUSTE DE CALIDAD MAYOR | H55: 294 | I55: 205 | K55: ='16 ABRIL (JUEVES)'!M55 -> 647293.7 | M55: =K55+O55 -> 647346.7 | O55: 53 | S55: 3.5 | U55: =O55/(H55*60*S55)*100000 -> 85.843861
H56: 303 | I56: 206 | K56: ='16 ABRIL (JUEVES)'!M56 -> 677127.3 | M56: =K56+O56 -> 677229.3 | O56: 102 | S56: =+S50 -> 8 | U56: =O56/(H56*60*S56)*100000 -> 70.132013
H57: 300 | I57: 213 | K57: ='16 ABRIL (JUEVES)'!M57 -> 632890.9 | M57: =K57+O57 -> 632949.9 | O57: 59 | S57: =+S56 -> 8 | U57: =O57/(H57*60*S57)*100000 -> 40.972222
H58: 305 | I58: 214 | K58: ='16 ABRIL (JUEVES)'!M58 -> 656922.9 | M58: =K58+O58 -> 657040.9 | O58: 118 | S58: =+S57 -> 8 | U58: =O58/(H58*60*S58)*100000 -> 80.601093
H59: 310 | I59: 215 | K59: ='16 ABRIL (JUEVES)'!M59 -> 694264.2 | M59: =K59+O59 -> 694390.2 | O59: 126 | S59: =+S58 -> 8 | U59: =O59/(H59*60*S59)*100000 -> 84.677419
U61: =AVERAGE(U51:U59) -> 76.376036 | W61: =AVERAGE(W51:W58) -> #DIV/0!
G63: Mínimo | H63: Máximo
A64: SMIT LISO | B64: TEMPERATURA | G64: =$G$31 -> 20 | H64: =$H$31 -> 29 | Q64: =AVERAGE(K64,M64,O64) -> #DIV/0! | V64: =AVERAGE(S69:S90) -> 7.8181818
A65: 300 | B65: HUMEDAD | G65: =$G$32 -> 60 | H65: =$H$32 -> 75 | Q65: =AVERAGE(K65,M65,O65) -> #DIV/0! | S65: MAQUINAS TRABAJANDO | V65: =COUNT(S69:S90) -> 22
K67: Marcador | M67: Marcador | O67: Marcas | S67: Horas | U67: Eficiencia
A68: Observaciones | B68: R | C68: P | D68: L | E68: tiempo | H68: vel | I68: telar | K68: Inicial | M68: Final | S68: 8
H69: 400 | I69: 299 | K69: ='16 ABRIL (JUEVES)'!M69 -> 388083.3 | M69: =K69+O69 -> 388232.3 | O69: 149 | S69: =+S68 -> 8 | U69: =O69/(H69*60*S69)*100000 -> 77.604167
H70: 280 | I70: 300 | K70: ='16 ABRIL (JUEVES)'!M70 -> 369765.9 | M70: =K70+O70 -> 369895.9 | O70: 130 | S70: =+S69 -> 8 | U70: =O70/(H70*60*S70)*100000 -> 96.72619
A71: MANTENIMIENTO A BALANCINES | H71: 380 | I71: 301 | K71: ='16 ABRIL (JUEVES)'!M71 -> 403373 | M71: =K71+O71 -> 403508 | O71: 135 | S71: 6 | U71: =O71/(H71*60*S71)*100000 -> 98.684211
H72: 350 | I72: 302 | K72: ='16 ABRIL (JUEVES)'!M72 -> 406821 | M72: =K72+O72 -> 406962 | O72: 141 | S72: =+S68 -> 8 | U72: =O72/(H72*60*S72)*100000 -> 83.928571
H73: 320 | I73: 303 | K73: ='16 ABRIL (JUEVES)'!M73 -> 406877.5 | M73: =K73+O73 -> 407027.5 | O73: 150 | S73: =+S72 -> 8 | U73: =O73/(H73*60*S73)*100000 -> 97.65625
H74: 335 | I74: 304 | K74: ='16 ABRIL (JUEVES)'!M74 -> 413881 | M74: =K74+O74 -> 414018 | O74: 137 | S74: =+S73 -> 8 | U74: =O74/(H74*60*S74)*100000 -> 85.199005
H75: 302 | I75: 305 | K75: ='16 ABRIL (JUEVES)'!M75 -> 679302.4 | M75: =K75+O75 -> 679426.4 | O75: 124 | S75: =+S74 -> 8 | U75: =O75/(H75*60*S75)*100000 -> 85.540839
H76: 302 | I76: 306 | K76: ='16 ABRIL (JUEVES)'!M76 -> 646316.8 | M76: =K76+O76 -> 646441.8 | O76: 125 | S76: =+S75 -> 8 | U76: =O76/(H76*60*S76)*100000 -> 86.230684
H77: 304 | I77: 307 | K77: ='16 ABRIL (JUEVES)'!M77 -> 711958.1 | M77: =K77+O77 -> 712082.1 | O77: 124 | S77: =+S76 -> 8 | U77: =O77/(H77*60*S77)*100000 -> 84.97807
H78: 285 | I78: 308 | K78: ='16 ABRIL (JUEVES)'!M78 -> 671035.5 | M78: =K78+O78 -> 671154.5 | O78: 119 | S78: =+S77 -> 8 | U78: =O78/(H78*60*S78)*100000 -> 86.988304
H79: 300 | I79: 309 | K79: ='16 ABRIL (JUEVES)'!M79 -> 670536.4 | M79: =K79+O79 -> 670670.4 | O79: 134 | S79: =+S78 -> 8 | U79: =O79/(H79*60*S79)*100000 -> 93.055556
H80: 308 | I80: 310 | K80: ='16 ABRIL (JUEVES)'!M80 -> 635247.8 | M80: =K80+O80 -> 635363.8 | O80: 116 | S80: =+S79 -> 8 | U80: =O80/(H80*60*S80)*100000 -> 78.463203
H81: 330 | I81: 311 | K81: ='16 ABRIL (JUEVES)'!M81 -> 699365.18 | M81: =K81+O81 -> 699500.18 | O81: 135 | S81: =+S80 -> 8 | U81: =O81/(H81*60*S81)*100000 -> 85.227273
H82: 254 | I82: 312 | K82: ='16 ABRIL (JUEVES)'!M82 -> 620454.3 | M82: =K82+O82 -> 620548.3 | O82: 94 | S82: =+S81 -> 8 | U82: =O82/(H82*60*S82)*100000 -> 77.099738
H83: 266 | I83: 313 | K83: ='16 ABRIL (JUEVES)'!M83 -> 683797.5 | M83: =K83+O83 -> 683897.5 | O83: 100 | S83: =+S82 -> 8 | U83: =O83/(H83*60*S83)*100000 -> 78.320802
H84: 330 | I84: 314 | K84: ='16 ABRIL (JUEVES)'!M84 -> 643709.5 | M84: =K84+O84 -> 643781.5 | O84: 72 | S84: =+S83 -> 8 | U84: =O84/(H84*60*S84)*100000 -> 45.454545
... H86: 300 | I86: 316 | K86: ='16 ABRIL (JUEVES)'!M86 -> 644661 | M86: =K86+O86 -> 644760 | O86: 99 | S86: =+S85 -> 8 | U86: =O86/(H86*60*S86)*100000 -> 68.75
A87: AJUSTE DE CALIDAD MAYOR | H87: 305 | I87: 317 | K87: ='16 ABRIL (JUEVES)'!M87 -> 376955.2 | M87: =K87+O87 -> 377059.2 | O87: 104 | S87: 6 | U87: =O87/(H87*60*S87)*100000 -> 94.717668
H88: 320 | I88: 318 | K88: ='16 ABRIL (JUEVES)'!M88 -> 401031 | M88: =K88+O88 -> 401175 | O88: 144 | S88: =+S68 -> 8 | U88: =O88/(H88*60*S88)*100000 -> 93.75
H89: 381 | I89: 319 | K89: ='16 ABRIL (JUEVES)'!M89 -> 405518 | M89: =K89+O89 -> 405650 | O89: 132 | S89: =+S88 -> 8 | U89: =O89/(H89*60*S89)*100000 -> 72.178478
H90: 340 | I90: 320 | K90: ='16 ABRIL (JUEVES)'!M90 -> 388755.3 | M90: =K90+O90 -> 388873.3 | O90: 118 | S90: =+S89 -> 8 | U90: =O90/(H90*60*S90)*100000 -> 72.303922
U92: =AVERAGE(U69:U90) -> 82.535188
G94: Mínimo | H94: Máximo
A95: KARL | B95: TEMPERATURA | G95: =$G$31 -> 20 | H95: =$H$31 -> 29
A96: MAYER | B96: HUMEDAD | G96: =$G$32 -> 60 | H96: =$H$32 -> 75 | S96: MAQUINAS TRABAJANDO
K98: Marcador | M98: Marcador | O98: Marcas | S98: Horas | U98: Eficiencia
A99: Observaciones | B99: R | C99: P | D99: L | E99: tiempo | H99: vel | I99: telar | K99: Inicial | M99: Final
I100: 401
I101: 402
A107: SEGUNDO TURNO SEGUNDO TURNO SEGUNDO TURNO
A108: 2 TURNO | B108: HORARIO: | G108: 14:30-22:30 | K108: SUPERVISOR: | N108: FELIX/JOSUE | R108: DIA: | S108: VIERNES | W108: FECHA: | Y108: 46129
A110: COMENTARIO DE PERSONAL
A114: F=FALTA, P=PERMISO, R=RETARDO, C=CASTIGO, I=INCAPACIDAD, V=VACACIONES, FL=FESTIVO LABORADO, FD=FESTIVO DESCANSADO, CL=CAMBIO DE LUGAR, B=BAJA, CT=CAMBIO DE TURNO
A116: Observaciones: | B116: DESCONTAR: 8 HRS A T-202 ENDEREZADO HILOS DE TELAR POR CONATO, 3 HRS A T-208 ATADO RIZO PARA CAMBIO DE MODELO, 4 HRS A T-214 REFACC MOTOR PRINCIPAL MAS VELOCIDAD, 8 HRS T-301 MANTENIMIENTO BALANCINES DE TELAR, 5 HRS A T-315 REFACC MOTOR TIRAPIEZA, 3 HRS T-317 AJUSTE MAYOR DE CALIDAD ,
G119: Mínimo | H119: Máximo
A120: JACQUARD | B120: TEMPERATURA | G120: =$G$31 -> 20 | H120: =$H$31 -> 29 | Q120: =AVERAGE(K120,M120,O120) -> #DIV/0! | V120: =AVERAGE(S125:S130) -> 7.4
A121: SULZER | B121: HUMEDAD | G121: =$G$32 -> 60 | H121: =$H$32 -> 75 | Q121: =AVERAGE(K121,M121,O121) -> #DIV/0! | S121: MAQUINAS TRABAJANDO | V121: =COUNT(S125:S130) -> 5
K123: Marcador | M123: Marcador | O123: Marcas | S123: Horas | U123: Eficiencia | W123: Temp.
A124: Observaciones | B124: R | C124: P | D124: L | E124: tiempo | H124: vel | I124: telar | K124: Inicial | M124: Final | S124: 8
A125: REFACC SELECTORA | H125: 280 | I125: 207 | K125: ='16 ABRIL (JUEVES)'!M125 -> 487817.4 | M125: =K125+O125 -> 487882.4 | O125: 65 | S125: =+S124 -> 8 | U125: =O125/(H125*60*S125)*100000 -> 48.363095
A126: ATADO DE RIZO/CAMBIO DE MODELO | B126: 1 | H126: 300 | I126: 208 | K126: ='16 ABRIL (JUEVES)'!M126 -> 549192.6 | M126: =K126+O126 -> 549252.6 | O126: 60 | S126: 5 | U126: =O126/(H126*60*S126)*100000 -> 66.666667
H127: 300 | I127: 209 | K127: ='16 ABRIL (JUEVES)'!M127 -> 525778.4 | M127: =K127+O127 -> 525903.4 | O127: 125 | S127: =+S124 -> 8 | U127: =O127/(H127*60*S127)*100000 -> 86.805556
H128: 290 | I128: 210 | K128: ='16 ABRIL (JUEVES)'!M128 -> 603586 | M128: =K128+O128 -> 603699 | O128: 113 | S128: =+S127 -> 8 | U128: =O128/(H128*60*S128)*100000 -> 81.178161
H129: 290 | I129: 211 | K129: ='16 ABRIL (JUEVES)'!M129 -> 649837 | M129: =K129+O129 -> 649940 | O129: 103 | S129: =+S128 -> 8 | U129: =O129/(H129*60*S129)*100000 -> 73.994253
U132: =AVERAGE(U125:U130) -> 71.401546 | W132: =AVERAGE(W125:W130) -> #DIV/0!
G134: Mínimo | H134: Máximo
A135: JACQUARD | B135: TEMPERATURA | G135: =$G$31 -> 20 | H135: =$H$31 -> 29 | Q135: =AVERAGE(K135,M135,O135) -> #DIV/0! | V135: =AVERAGE(S140:S148) -> 7.5
A136: SMIT | B136: HUMEDAD | G136: =$G$32 -> 60 | H136: =$H$32 -> 75 | Q136: =AVERAGE(K136,M136,O136) -> #DIV/0! | S136: MAQUINAS TRABAJANDO | V136: =COUNT(S140:S148) -> 8
K138: Marcador | M138: Marcador | O138: Marcas | S138: Horas | U138: Eficiencia | W138: Temp.
A139: Observaciones | B139: R | C139: P | D139: L | E139: tiempo | H139: vel | I139: telar | K139: Inicial | M139: Final | S139: 8
H140: 286 | I140: 201 | K140: ='16 ABRIL (JUEVES)'!M140 -> 565813.3 | M140: =K140+O140 -> 565916.3 | O140: 103 | S140: =+S139 -> 8 | U140: =O140/(H140*60*S140)*100000 -> 75.029138
A141: ENDEREZADO DE HILOS POR CONATO | H141: 271 | I141: 202 | K141: ='16 ABRIL (JUEVES)'!M141 -> 656409.2 | M141: =K141+O141 -> 656409.2 | O141: 0
H142: 287 | I142: 203 | K142: ='16 ABRIL (JUEVES)'!M142 -> 566457.3 | M142: =K142+O142 -> 566559.3 | O142: 102 | S142: =+S139 -> 8 | U142: =O142/(H142*60*S142)*100000 -> 74.041812
H143: 302 | I143: 204 | K143: ='16 ABRIL (JUEVES)'!M143 -> 575283.8 | M143: =K143+O143 -> 575400.8 | O143: 117 | S143: =+S142 -> 8 | U143: =O143/(H143*60*S143)*100000 -> 80.711921
H144: 294 | I144: 205 | K144: ='16 ABRIL (JUEVES)'!M144 -> 570676.3 | M144: =K144+O144 -> 570799.3 | O144: 123 | S144: =+S143 -> 8 | U144: =O144/(H144*60*S144)*100000 -> 87.159864
A145: FALLA MECANICA | H145: 303 | I145: 206 | K145: ='16 ABRIL (JUEVES)'!M145 -> 601523 | M145: =K145+O145 -> 601620 | O145: 97 | S145: =+S144 -> 8 | U145: =O145/(H145*60*S145)*100000 -> 66.694169
H146: 300 | I146: 213 | K146: ='16 ABRIL (JUEVES)'!M146 -> 556258.34 | M146: =K146+O146 -> 556369.34 | O146: 111 | S146: =+S145 -> 8 | U146: =O146/(H146*60*S146)*100000 -> 77.083333
...

Sheet 16 ABRIL (JUEVES)
A2: =TODAY()-1 -> 46133
I4: Turno | K4: Jaq | M4: Smit | O4: 300 | Q4: Karl M
I5: 1ro. | K5: =U43 -> 70.548714 | M5: =U61 -> 74.981588 | O5: =U92 -> 79.45965 | Q5: =U103 -> 0
A7: RESUMEN DE EFICIENCIAS | I7: 2do. | K7: =U132 -> 71.152504 | M7: =U150 -> 70.77039 | O7: =U181 -> 79.493285 | Q7: =U192 -> 0
I9: 3er | K9: =+U221 -> 76.242474 | M9: =+U239 -> 72.557866 | O9: =+U270 -> 81.313093 | Q9: =U281 -> 0
I11: 4to. | K11: =+U310 -> 0 | M11: =+U328 -> 0 | O11: =+U359 -> 0 | Q11: =U343 -> 0
H13: Promedio | K13: =(K11+K9+K7+K5)/3 -> 72.647897 | M13: =(M11+M9+M7+M5)/3 -> 72.769948 | O13: =(O11+O9+O7+O5)/3 -> 80.088676 | Q13: =(Q11+Q9+Q7+Q5)/3 -> 0
A18: PRIMER TURNO PRIMER TURNO PRIMER TURNO
A19: 1 TURNO | B19: HORARIO: | G19: 6:30-14:30 | K19: SUPERVISOR: | N19: DANIEL VALTIERRA | R19: DIA: | S19: JUEVES | W19: FECHA: | Y19: 46128
A21: COMENTARIO DE PERSONAL
A25: F=FALTA, P=PERMISO, R=RETARDO, C=CASTIGO, I=INCAPACIDAD, V=VACACIONES, FL=FESTIVO LABORADO, FD=FESTIVO DESCANSADO, CL=CAMBIO DE LUGAR, B=BAJA, CT=CAMBIO DE TURNO
A27: Observaciones: | B27: 8 HRS T-202 FUEGO INCIPIENTE,3 HRS T-204 FM INSERCIÓN TRAMA, 4 HRS T-211 FE TARJETA MICRON,
G30: Mínimo | H30: Máximo
A31: JACQUARD | B31: TEMPERATURA | G31: ='15 ABRIL (MIERCOLES)'!G31 -> 20 | H31: ='15 ABRIL (MIERCOLES)'!H31 -> 29 | Q31: =AVERAGE(K31,M31,O31) -> #DIV/0! | V31: =AVERAGE(S36:S41) -> 7.2
A32: SULZER | B32: HUMEDAD | G32: ='15 ABRIL (MIERCOLES)'!G32 -> 60 | H32: ='15 ABRIL (MIERCOLES)'!H32 -> 75 | Q32: =AVERAGE(K32,M32,O32) -> #DIV/0! | S32: MAQUINAS TRABAJANDO | V32: =COUNT(S36:S41) -> 5
K34: Marcador | M34: Marcador | O34: Marcas | S34: Horas | U34: Eficiencia | W34: Temp.
A35: Observaciones | B35: R | C35: P | D35: L | E35: tiempo | H35: vel | I35: telar | K35: Inicial | M35: Final | S35: 8
H36: 280 | I36: 207 | K36: ='15 ABRIL (MIERCOLES)'!M36 -> 553444 | M36: =K36+O36 -> 553536 | O36: 92 | S36: =+S35 -> 8 | U36: =O36/(H36*60*S36)*100000 -> 68.452381
H37: 300 | I37: 208 | K37: ='15 ABRIL (MIERCOLES)'!M37 -> 616974 | M37: =K37+O37 -> 617080 | O37: 106 | S37: =+S36 -> 8 | U37: =O37/(H37*60*S37)*100000 -> 73.611111
H38: 300 | I38: 209 | K38: ='15 ABRIL (MIERCOLES)'!M38 -> 594753 | M38: =K38+O38 -> 594835 | O38: 82 | S38: =+S37 -> 8 | U38: =O38/(H38*60*S38)*100000 -> 56.944444
H39: 290 | I39: 210 | K39: ='15 ABRIL (MIERCOLES)'!M39 -> 681338.4 | M39: =K39+O39 -> 681416.4 | O39: 78 | S39: =+S38 -> 8 | U39: =O39/(H39*60*S39)*100000 -> 56.034483
A40: FE TARJETA MICRON | H40: 290 | I40: 211 | K40: ='15 ABRIL (MIERCOLES)'!M40 -> 738541.5 | M40: =K40+O40 -> 738609.5 | O40: 68 | S40: 4 | U40: =O40/(H40*60*S40)*100000 -> 97.701149
U43: =AVERAGE(U36:U41) -> 70.548714 | W43: =AVERAGE(W36:W41) -> #DIV/0!
G45: Mínimo | H45: Máximo
A46: JACQUARD | B46: TEMPERATURA | G46: =$G$31 -> 20 | H46: =$H$31 -> 29 | Q46: =AVERAGE(K46,M46,O46) -> #DIV/0! | V46: =AVERAGE(S51:S59) -> 7.625
A47: SMIT | B47: HUMEDAD | G47: =$G$32 -> 60 | H47: =$H$32 -> 75 | Q47: =AVERAGE(K47,M47,O47) -> #DIV/0! | S47: MAQUINAS TRABAJANDO | V47: =COUNT(S51:S59) -> 8
K49: Marcador | M49: Marcador | O49: Marcas | S49: Horas | U49: Eficiencia | W49: Temp.
A50: Observaciones | B50: R | C50: P | D50: L | E50: tiempo | H50: vel | I50: telar | K50: Inicial | M50: Final | S50: 8
H51: 286 | I51: 201 | K51: ='15 ABRIL (MIERCOLES)'!M51 -> 646545.6 | M51: =K51+O51 -> 646649.6 | O51: 104 | S51: =+S50 -> 8 | U51: =O51/(H51*60*S51)*100000 -> 75.757576
A52: FUEGO INCIPIENTE | H52: 271 | I52: 202 | K52: ='15 ABRIL (MIERCOLES)'!M52 -> 753297.7 | M52: =K52+O52 -> 753297.7 | O52: 0
H53: 287 | I53: 203 | K53: ='15 ABRIL (MIERCOLES)'!M53 -> 653995.8 | M53: =K53+O53 -> 654104.8 | O53: 109 | S53: =+S50 -> 8 | U53: =O53/(H53*60*S53)*100000 -> 79.123113
A54: FM INSERCIÓN TAMA | H54: 302 | I54: 204 | K54: ='15 ABRIL (MIERCOLES)'!M54 -> 662106.7 | M54: =K54+O54 -> 662184.7 | O54: 78 | S54: 5 | U54: =O54/(H54*60*S54)*100000 -> 86.092715
H55: 294 | I55: 205 | K55: ='15 ABRIL (MIERCOLES)'!M55 -> 647182.7 | M55: =K55+O55 -> 647293.7 | O55: 111 | S55: =+S50 -> 8 | U55: =O55/(H55*60*S55)*100000 -> 78.656463
H56: 303 | I56: 206 | K56: ='15 ABRIL (MIERCOLES)'!M56 -> 677026.3 | M56: =K56+O56 -> 677127.3 | O56: 101 | S56: =+S55 -> 8 | U56: =O56/(H56*60*S56)*100000 -> 69.444444
H57: 300 | I57: 213 | K57: ='15 ABRIL (MIERCOLES)'!M57 -> 632772.9 | M57: =K57+O57 -> 632890.9 | O57: 118 | S57: =+S56 -> 8 | U57: =O57/(H57*60*S57)*100000 -> 81.944444
H58: 305 | I58: 214 | K58: ='15 ABRIL (MIERCOLES)'!M58 -> 656818.9 | M58: =K58+O58 -> 656922.9 | O58: 104 | S58: =+S57 -> 8 | U58: =O58/(H58*60*S58)*100000 -> 71.038251
H59: 310 | I59: 215 | K59: ='15 ABRIL (MIERCOLES)'!M59 -> 694178.2 | M59: =K59+O59 -> 694264.2 | O59: 86 | S59: =+S58 -> 8 | U59: =O59/(H59*60*S59)*100000 -> 57.795699
U61: =AVERAGE(U51:U59) -> 74.981588 | W61: =AVERAGE(W51:W58) -> #DIV/0!
G63: Mínimo | H63: Máximo
A64: SMIT LISO | B64: TEMPERATURA | G64: =$G$31 -> 20 | H64: =$H$31 -> 29 | Q64: =AVERAGE(K64,M64,O64) -> #DIV/0! | V64: =AVERAGE(S69:S90) -> 8
A65: 300 | B65: HUMEDAD | G65: =$G$32 -> 60 | H65: =$H$32 -> 75 | Q65: =AVERAGE(K65,M65,O65) -> #DIV/0! | S65: MAQUINAS TRABAJANDO | V65: =COUNT(S69:S90) -> 22
K67: Marcador | M67: Marcador | O67: Marcas | S67: Horas | U67: Eficiencia
A68: Observaciones | B68: R | C68: P | D68: L | E68: tiempo | H68: vel | I68: telar | K68: Inicial | M68: Final | S68: 8
H69: 400 | I69: 299 | K69: ='15 ABRIL (MIERCOLES)'!M69 -> 387939.3 | M69: =K69+O69 -> 388083.3 | O69: 144 | S69: =+S68 -> 8 | U69: =O69/(H69*60*S69)*100000 -> 75
H70: 280 | I70: 300 | K70: ='15 ABRIL (MIERCOLES)'!M70 -> 369635.9 | M70: =K70+O70 -> 369765.9 | O70: 130 | S70: =+S69 -> 8 | U70: =O70/(H70*60*S70)*100000 -> 96.72619
H71: 380 | I71: 301 | K71: ='15 ABRIL (MIERCOLES)'!M71 -> 403223 | M71: =K71+O71 -> 403373 | O71: 150 | S71: =+S70 -> 8 | U71: =O71/(H71*60*S71)*100000 -> 82.236842
H72: 350 | I72: 302 | K72: ='15 ABRIL (MIERCOLES)'!M72 -> 406684 | M72: =K72+O72 -> 406821 | O72: 137 | S72: =+S71 -> 8 | U72: =O72/(H72*60*S72)*100000 -> 81.547619
H73: 320 | I73: 303 | K73: ='15 ABRIL (MIERCOLES)'!M73 -> 406727.5 | M73: =K73+O73 -> 406877.5 | O73: 150 | S73: =+S72 -> 8 | U73: =O73/(H73*60*S73)*100000 -> 97.65625
H74: 335 | I74: 304 | K74: ='15 ABRIL (MIERCOLES)'!M74 -> 413751 | M74: =K74+O74 -> 413881 | O74: 130 | S74: =+S73 -> 8 | U74: =O74/(H74*60*S74)*100000 -> 80.845771
H75: 302 | I75: 305 | K75: ='15 ABRIL (MIERCOLES)'!M75 -> 679208.4 | M75: =K75+O75 -> 679302.4 | O75: 94 | S75: =+S74 -> 8 | U75: =O75/(H75*60*S75)*100000 -> 64.845475
H76: 302 | I76: 306 | K76: ='15 ABRIL (MIERCOLES)'!M76 -> 646189.8 | M76: =K76+O76 -> 646316.8 | O76: 127 | S76: =+S75 -> 8 | U76: =O76/(H76*60*S76)*100000 -> 87.610375
H77: 304 | I77: 307 | K77: ='15 ABRIL (MIERCOLES)'!M77 -> 711880.1 | M77: =K77+O77 -> 711958.1 | O77: 78 | S77: =+S76 -> 8 | U77: =O77/(H77*60*S77)*100000 -> 53.453947
H78: 285 | I78: 308 | K78: ='15 ABRIL (MIERCOLES)'!M78 -> 670936.5 | M78: =K78+O78 -> 671035.5 | O78: 99 | S78: =+S77 -> 8 | U78: =O78/(H78*60*S78)*100000 -> 72.368421
H79: 300 | I79: 309 | K79: ='15 ABRIL (MIERCOLES)'!M79 -> 670429.4 | M79: =K79+O79 -> 670536.4 | O79: 107 | S79: =+S78 -> 8 | U79: =O79/(H79*60*S79)*100000 -> 74.305556
H80: 308 | I80: 310 | K80: ='15 ABRIL (MIERCOLES)'!M80 -> 635121.8 | M80: =K80+O80 -> 635247.8 | O80: 126 | S80: =+S79 -> 8 | U80: =O80/(H80*60*S80)*100000 -> 85.227273
... H90: 340 | I90: 320 | K90: ='15 ABRIL (MIERCOLES)'!M90 -> 388642.3 | M90: =K90+O90 -> 388755.3 | O90: 113 | S90: =+S89 -> 8 | U90: =O90/(H90*60*S90)*100000 -> 69.240196
U92: =AVERAGE(U69:U90) -> 79.45965
G94: Mínimo | H94: Máximo
A95: KARL | B95: TEMPERATURA | G95: =$G$31 -> 20 | H95: =$H$31 -> 29
A96: MAYER | B96: HUMEDAD | G96: =$G$32 -> 60 | H96: =$H$32 -> 75 | S96: MAQUINAS TRABAJANDO
K98: Marcador | M98: Marcador | O98: Marcas | S98: Horas | U98: Eficiencia
A99: Observaciones | B99: R | C99: P | D99: L | E99: tiempo | H99: vel | I99: telar | K99: Inicial | M99: Final
I100: 401
I101: 402
A107: SEGUNDO TURNO SEGUNDO TURNO SEGUNDO TURNO
A108: 2 TURNO | B108: HORARIO: | G108: 14:30-22:30 | K108: SUPERVISOR: | N108: FELIX REYES | R108: DIA: | S108: JUEVES | W108: FECHA: | Y108: 46129
A110: COMENTARIO DE PERSONAL
A114: F=FALTA, P=PERMISO, R=RETARDO, C=CASTIGO, I=INCAPACIDAD, V=VACACIONES, FL=FESTIVO LABORADO, FD=FESTIVO DESCANSADO, CL=CAMBIO DE LUGAR, B=BAJA, CT=CAMBIO DE TURNO
A116: Observaciones: | B116: DESCONTAR: 8 HRS A T-202 ENDEREZADO HILOS DE TELAR POR CONATO, 2 HRS T-201, 4 HRS T-312, 4 HRS T-313 AJUSTE MAYOR DE CALIDAD , 4 HRS T-301 FALLA MAYOR EN BALANCINES DE MAQUINILLA .
G119: Mínimo | H119: Máximo
A120: JACQUARD | B120: TEMPERATURA | G120: =$G$31 -> 20 | H120: =$H$31 -> 29 | Q120: =AVERAGE(K120,M120,O120) -> #DIV/0! | V120: =AVERAGE(S125:S130) -> 8
A121: SULZER | B121: HUMEDAD | G121: =$G$32 -> 60 | H121: =$H$32 -> 75 | Q121: =AVERAGE(K121,M121,O121) -> #DIV/0! | S121: MAQUINAS TRABAJANDO | V121: =COUNT(S125:S130) -> 5
K123: Marcador | M123: Marcador | O123: Marcas | S123: Horas | U123: Eficiencia | W123: Temp.
A124: Observaciones | B124: R | C124: P | D124: L | E124: tiempo | H124: vel | I124: telar | K124: Inicial | M124: Final | S124: 8
H125: 280 | I125: 207 | K125: ='15 ABRIL (MIERCOLES)'!M125 -> 487738.4 | M125: =K125+O125 -> 487817.4 | O125: 79 | S125: =+S124 -> 8 | U125: =O125/(H125*60*S125)*100000 -> 58.779762
H126: 300 | I126: 208 | K126: ='15 ABRIL (MIERCOLES)'!M126 -> 549092.6 | M126: =K126+O126 -> 549192.6 | O126: 100 | S126: =+S125 -> 8 | U126: =O126/(H126*60*S126)*100000 -> 69.444444
H127: 300 | I127: 209 | K127: ='15 ABRIL (MIERCOLES)'!M127 -> 525680.4 | M127: =K127+O127 -> 525778.4 | O127: 98 | S127: =+S126 -> 8 | U127: =O127/(H127*60*S127)*100000 -> 68.055556
H128: 290 | I128: 210 | K128: ='15 ABRIL (MIERCOLES)'!M128 -> 603471 | M128: =K128+O128 -> 603586 | O128: 115 | S128: =+S127 -> 8 | U128: =O128/(H128*60*S128)*100000 -> 82.614943
H129: 290 | I129: 211 | K129: ='15 ABRIL (MIERCOLES)'!M129 -> 649730 | M129: =K129+O129 -> 649837 | O129: 107 | S129: =+S128 -> 8 | U129: =O129/(H129*60*S129)*100000 -> 76.867816
U132: =AVERAGE(U125:U130) -> 71.152504 | W132: =AVERAGE(W125:W130) -> #DIV/0!
G134: Mínimo | H134: Máximo
A135: JACQUARD | B135: TEMPERATURA | G135: =$G$31 -> 20 | H135: =$H$31 -> 29 | Q135: =AVERAGE(K135,M135,O135) -> #DIV/0! | V135: =AVERAGE(S140:S148) -> 7.75
A136: SMIT | B136: HUMEDAD | G136: =$G$32 -> 60 | H136: =$H$32 -> 75 | Q136: =AVERAGE(K136,M136,O136) -> #DIV/0! | S136: MAQUINAS TRABAJANDO | V136: =COUNT(S140:S148) -> 8
K138: Marcador | M138: Marcador | O138: Marcas | S138: Horas | U138: Eficiencia | W138: Temp.
A139: Observaciones | B139: R | C139: P | D139: L | E139: tiempo | H139: vel | I139: telar | K139: Inicial | M139: Final | S139: 8
H140: 286 | I140: 201 | K140: ='15 ABRIL (MIERCOLES)'!M140 -> 565721.3 | M140: =K140+O140 -> 565813.3 | O140: 92 | S140: 6 | U140: =O140/(H140*60*S140)*100000 -> 89.355089
H141: 271 | I141: 202 | K141: ='15 ABRIL (MIERCOLES)'!M141 -> 656409.2 | M141: =K141+O141 -> 656409.2 | O141: 0
H142: 287 | I142: 203 | K142: ='15 ABRIL (MIERCOLES)'!M142 -> 566371.3 | M142: =K142+O142 -> 566457.3 | O142: 86 | S142: =+S139 -> 8 | U142: =O142/(H142*60*S142)*100000 -> 62.42741
H143: 302 | I143: 204 | K143: ='15 ABRIL (MIERCOLES)'!M143 -> 575223.8 | M143: =K143+O143 -> 575283.8 | O143: 60 | S143: =+S142 -> 8 | U143: =O143/(H143*60*S143)*100000 -> 41.390728
H144: 294 | I144: 205 | K144: ='15 ABRIL (MIERCOLES)'!M144 -> 570558.3 | M144: =K144+O144 -> 570676.3 | O144: 118 | S144: =+S143 -> 8 | U144: =O144/(H144*60*S144)*100000 -> 83.61678
H145: 303 | I145: 206 | K145: ='15 ABRIL (MIERCOLES)'!M145 -> 601420 | M145: =K145+O145 -> 601523 | O145: 103 | S145: =+S144 -> 8 | U145: =O145/(H145*60*S145)*100000 -> 70.819582
H146: 300 | I146: 213 | K146: ='15 ABRIL (MIERCOLES)'!M146 -> 556148.34 | M146: =K146+O146 -> 556258.34 | O146: 110 | S146: =+S145 -> 8 | U146: =O146/(H146*60*S146)*100000 -> 76.388889
H147: 305 | I147: 214 | K147: ='15 ABRIL (MIERCOLES)'!M147 -> 573995.6 | M147: =K147+O147 -> 574089.6 | O147: 94 | S147: =+S146 -> 8 | U147: =O147/(H147*60*S147)*100000 -> 64.20765
H148: 310 | I148: 215 | K148: ='15 ABRIL (MIERCOLES)'!M148 -> 610238.4 | M148: =K148+O148 -> 610354.4 | O148: 116 | S148: =+S147 -> 8 | U148: =O148/(H148*60*S148)*100000 -> 77.956989
U150: =AVERAGE(U140:U148) -> 70.77039 | W150: =AVERAGE(W140:W147) -> #DIV/0!
G152: Mínimo | H152: Máximo
A153: SMIT LISO | B153: TEMPERATURA | G153: =$G$31 -> 20 | H153: =$H$31 -> 29 | Q153: =AVERAGE(K153,M153,O153) -> #DIV/0! | V153: =AVERAGE(S158:S179) -> 7.4545455
A154: 300 | B154: HUMEDAD | G154: =$G$32 -> 60 | H154: =$H$32 -> 75 | Q154: =AVERAGE(K154,M154,O154) -> #DIV/0! | S154: MAQUINAS TRABAJANDO | V154: =COUNT(S158:S179) -> 22
K156: Marcador | M156: Marcador | O156: Marcas | S156: Horas | U156: Eficiencia
A157: Observaciones | B157: R | C157: P | D157: L | E157: tiempo | H157: vel | I157: telar | K157: Inicial | M157: Final | S157: 8
...

Sheet 15 ABRIL (MIERCOLES)
A2: =TODAY()-1 -> 46133
I4: Turno | K4: Jaq | M4: Smit | O4: 300 | Q4: Karl M
I5: 1ro. | K5: =U43 -> 80.176519 | M5: =U61 -> 80.608989 | O5: =U92 -> 82.513631 | Q5: =U103 -> 0
A7: RESUMEN DE EFICIENCIAS | I7: 2do. | K7: =U132 -> 78.430829 | M7: =U150 -> 84.199104 | O7: =U181 -> 80.340821 | Q7: =U192 -> 0
I9: 3er | K9: =+U221 -> 83.141078 | M9: =+U239 -> 77.57475 | O9: =+U270 -> 83.979179 | Q9: =U281 -> 0
I11: 4to. | K11: =+U310 -> 0 | M11: =+U328 -> 0 | O11: =+U359 -> 0 | Q11: =U343 -> 0
H13: Promedio | K13: =(K11+K9+K7+K5)/3 -> 80.582809 | M13: =(M11+M9+M7+M5)/3 -> 80.794281 | O13: =(O11+O9+O7+O5)/3 -> 82.277877 | Q13: =(Q11+Q9+Q7+Q5)/3 -> 0
A18: PRIMER TURNO PRIMER TURNO PRIMER TURNO
A19: 1 TURNO | B19: HORARIO: | G19: 6:30-14:30 | K19: SUPERVISOR: | N19: DANIEL VALTIERRA | R19: DIA: | S19: MIECOLES | W19: FECHA: | Y19: 46127
A21: COMENTARIO DE PERSONAL
A25: F=FALTA, P=PERMISO, R=RETARDO, C=CASTIGO, I=INCAPACIDAD, V=VACACIONES, FL=FESTIVO LABORADO, FD=FESTIVO DESCANSADO, CL=CAMBIO DE LUGAR, B=BAJA, CT=CAMBIO DE TURNO
A27: Observaciones: | B27: 4 HRS T-300 CAMBIO DE ACEITE, 2 H T-309 FM REVERSA, 1.5 HRS T312, 2 HRS T-314, 2 HRS T-315 AJUSTE MAYOR CALIDAD
G30: Mínimo | H30: Máximo
A31: JACQUARD | B31: TEMPERATURA | G31: ='14 ABRIL (MARTES)'!G31 -> 20 | H31: ='14 ABRIL (MARTES)'!H31 -> 29 | Q31: =AVERAGE(K31,M31,O31) -> #DIV/0! | V31: =AVERAGE(S36:S41) -> 8
A32: SULZER | B32: HUMEDAD | G32: ='14 ABRIL (MARTES)'!G32 -> 60 | H32: ='14 ABRIL (MARTES)'!H32 -> 75 | Q32: =AVERAGE(K32,M32,O32) -> #DIV/0! | S32: MAQUINAS TRABAJANDO | V32: =COUNT(S36:S41) -> 5
K34: Marcador | M34: Marcador | O34: Marcas | S34: Horas | U34: Eficiencia | W34: Temp.
A35: Observaciones | B35: R | C35: P | D35: L | E35: tiempo | H35: vel | I35: telar | K35: Inicial | M35: Final | S35: 8
H36: 280 | I36: 207 | K36: ='14 ABRIL (MARTES)'!M36 -> 553362 | M36: =K36+O36 -> 553444 | O36: 82 | S36: =+S35 -> 8 | U36: =O36/(H36*60*S36)*100000 -> 61.011905
H37: 300 | I37: 208 | K37: ='14 ABRIL (MARTES)'!M37 -> 616864 | M37: =K37+O37 -> 616974 | O37: 110 | S37: =+S36 -> 8 | U37: =O37/(H37*60*S37)*100000 -> 76.388889
A38: FM TRAMA | H38: 300 | I38: 209 | K38: ='14 ABRIL (MARTES)'!M38 -> 594656 | M38: =K38+O38 -> 594753 | O38: 97 | S38: =+S37 -> 8 | U38: =O38/(H38*60*S38)*100000 -> 67.361111
H39: 290 | I39: 210 | K39: ='14 ABRIL (MARTES)'!M39 -> 681203.4 | M39: =K39+O39 -> 681338.4 | O39: 135 | S39: =+S38 -> 8 | U39: =O39/(H39*60*S39)*100000 -> 96.982759
H40: 290 | I40: 211 | K40: ='14 ABRIL (MARTES)'!M40 -> 738403.5 | M40: =K40+O40 -> 738541.5 | O40: 138 | S40: =+S39 -> 8 | U40: =O40/(H40*60*S40)*100000 -> 99.137931
U43: =AVERAGE(U36:U41) -> 80.176519 | W43: =AVERAGE(W36:W41) -> #DIV/0!
G45: Mínimo | H45: Máximo
A46: JACQUARD | B46: TEMPERATURA | G46: =$G$31 -> 20 | H46: =$H$31 -> 29 | Q46: =AVERAGE(K46,M46,O46) -> #DIV/0! | V46: =AVERAGE(S51:S59) -> 8
A47: SMIT | B47: HUMEDAD | G47: =$G$32 -> 60 | H47: =$H$32 -> 75 | Q47: =AVERAGE(K47,M47,O47) -> #DIV/0! | S47: MAQUINAS TRABAJANDO | V47: =COUNT(S51:S59) -> 9
K49: Marcador | M49: Marcador | O49: Marcas | S49: Horas | U49: Eficiencia | W49: Temp.
A50: Observaciones | B50: R | C50: P | D50: L | E50: tiempo | H50: vel | I50: telar | K50: Inicial | M50: Final | S50: 8
H51: 286 | I51: 201 | K51: ='14 ABRIL (MARTES)'!M51 -> 646424.6 | M51: =K51+O51 -> 646545.6 | O51: 121 | S51: =+S50 -> 8 | U51: =O51/(H51*60*S51)*100000 -> 88.141026
H52: 271 | I52: 202 | K52: ='14 ABRIL (MARTES)'!M52 -> 753178.7 | M52: =K52+O52 -> 753297.7 | O52: 119 | S52: =+S51 -> 8 | U52: =O52/(H52*60*S52)*100000 -> 91.482165
H53: 287 | I53: 203 | K53: ='14 ABRIL (MARTES)'!M53 -> 653880.8 | M53: =K53+O53 -> 653995.8 | O53: 115 | S53: =+S52 -> 8 | U53: =O53/(H53*60*S53)*100000 -> 83.478513
H54: 302 | I54: 204 | K54: ='14 ABRIL (MARTES)'!M54 -> 661982.7 | M54: =K54+O54 -> 662106.7 | O54: 124 | S54: =+S53 -> 8 | U54: =O54/(H54*60*S54)*100000 -> 85.540839
H55: 294 | I55: 205 | K55: ='14 ABRIL (MARTES)'!M55 -> 647074.7 | M55: =K55+O55 -> 647182.7 | O55: 108 | S55: =+S54 -> 8 | U55: =O55/(H55*60*S55)*100000 -> 76.530612
H56: 303 | I56: 206 | K56: ='14 ABRIL (MARTES)'!M56 -> 676925.3 | M56: =K56+O56 -> 677026.3 | O56: 101 | S56: =+S55 -> 8 | U56: =O56/(H56*60*S56)*100000 -> 69.444444
H57: 300 | I57: 213 | K57: ='14 ABRIL (MARTES)'!M57 -> 632652.9 | M57: =K57+O57 -> 632772.9 | O57: 120 | S57: =+S56 -> 8 | U57: =O57/(H57*60*S57)*100000 -> 83.333333
H58: 305 | I58: 214 | K58: ='14 ABRIL (MARTES)'!M58 -> 656725.9 | M58: =K58+O58 -> 656818.9 | O58: 93 | S58: =+S57 -> 8 | U58: =O58/(H58*60*S58)*100000 -> 63.52459
H59: 310 | I59: 215 | K59: ='14 ABRIL (MARTES)'!M59 -> 694053.2 | M59: =K59+O59 -> 694178.2 | O59: 125 | S59: =+S58 -> 8 | U59: =O59/(H59*60*S59)*100000 -> 84.005376
U61: =AVERAGE(U51:U59) -> 80.608989 | W61: =AVERAGE(W51:W58) -> #DIV/0!
G63: Mínimo | H63: Máximo
A64: SMIT LISO | B64: TEMPERATURA | G64: =$G$31 -> 20 | H64: =$H$31 -> 29 | Q64: =AVERAGE(K64,M64,O64) -> #DIV/0! | V64: =AVERAGE(S69:S90) -> 7.4772727
A65: 300 | B65: HUMEDAD | G65: =$G$32 -> 60 | H65: =$H$32 -> 75 | Q65: =AVERAGE(K65,M65,O65) -> #DIV/0! | S65: MAQUINAS TRABAJANDO | V65: =COUNT(S69:S90) -> 22
K67: Marcador | M67: Marcador | O67: Marcas | S67: Horas | U67: Eficiencia
A68: Observaciones | B68: R | C68: P | D68: L | E68: tiempo | H68: vel | I68: telar | K68: Inicial | M68: Final | S68: 8
H69: 400 | I69: 299 | K69: ='14 ABRIL (MARTES)'!M69 -> 387814.3 | M69: =K69+O69 -> 387939.3 | O69: 125 | S69: =+S68 -> 8 | U69: =O69/(H69*60*S69)*100000 -> 65.104167
A70: CAMBIO DE ACEITE | H70: 280 | I70: 300 | K70: ='14 ABRIL (MARTES)'!M70 -> 369578.9 | M70: =K70+O70 -> 369635.9 | O70: 57 | S70: 4 | U70: =O70/(H70*60*S70)*100000 -> 84.821429
H71: 380 | I71: 301 | K71: ='14 ABRIL (MARTES)'!M71 -> 403073 | M71: =K71+O71 -> 403223 | O71: 150 | S71: =+S68 -> 8 | U71: =O71/(H71*60*S71)*100000 -> 82.236842
H72: 350 | I72: 302 | K72: ='14 ABRIL (MARTES)'!M72 -> 406539 | M72: =K72+O72 -> 406684 | O72: 145 | S72: =+S71 -> 8 | U72: =O72/(H72*60*S72)*100000 -> 86.309524
H73: 320 | I73: 303 | K73: ='14 ABRIL (MARTES)'!M73 -> 406584.5 | M73: =K73+O73 -> 406727.5 | O73: 143 | S73: =+S72 -> 8 | U73: =O73/(H73*60*S73)*100000 -> 93.098958
A74: ATADO PIE | C74: 1 | H74: 335 | I74: 304 | K74: ='14 ABRIL (MARTES)'!M74 -> 413636 | M74: =K74+O74 -> 413751 | O74: 115 | S74: =+S73 -> 8 | U74: =O74/(H74*60*S74)*100000 -> 71.517413
H75: 302 | I75: 305 | K75: ='14 ABRIL (MARTES)'!M75 -> 679068.4 | M75: =K75+O75 -> 679208.4 | O75: 140 | S75: =+S74 -> 8 | U75: =O75/(H75*60*S75)*100000 -> 96.578366
H76: 302 | I76: 306 | K76: ='14 ABRIL (MARTES)'!M76 -> 646058.8 | M76: =K76+O76 -> 646189.8 | O76: 131 | S76: =+S75 -> 8 | U76: =O76/(H76*60*S76)*100000 -> 90.369757
H77: 304 | I77: 307 | K77: ='14 ABRIL (MARTES)'!M77 -> 711753.1 | M77: =K77+O77 -> 711880.1 | O77: 127 | S77: =+S76 -> 8 | U77: =O77/(H77*60*S77)*100000 -> 87.033991
A78: FM TRAMA | H78: 285 | I78: 308 | K78: ='14 ABRIL (MARTES)'!M78 -> 670849.5 | M78: =K78+O78 -> 670936.5 | O78: 87 | S78: =+S77 -> 8 | U78: =O78/(H78*60*S78)*100000 -> 63.596491
A79: FM REVERSA | H79: 300 | I79: 309 | K79: ='14 ABRIL (MARTES)'!M79 -> 670334.4 | M79: =K79+O79 -> 670429.4 | O79: 95 | S79: 6 | U79: =O79/(H79*60*S79)*100000 -> 87.962963
H80: 308 | I80: 310 | K80: ='14 ABRIL (MARTES)'!M80 -> 634996.8 | M80: =K80+O80 -> 635121.8 | O80: 125 | S80: =+S68 -> 8 | U80: =O80/(H80*60*S80)*100000 -> 84.550866
H81: 330 | I81: 311 | K81: ='14 ABRIL (MARTES)'!M81 -> 699131.18 | M81: =K81+O81 -> 699258.18 | O81: 127 | S81: =+S80 -> 8 | U81: =O81/(H81*60*S81)*100000 -> 80.176768
H82: 254 | I82: 312 | K82: ='14 ABRIL (MARTES)'!M82 -> 620269.3 | M82: =K82+O82 -> 620361.3 | O82: 92 | S82: 6.5 | U82: =O82/(H82*60*S82)*100000 -> 92.873006
H83: 266 | I83: 313 | K83: ='14 ABRIL (MARTES)'!M83 -> 683560.5 | M83: =K83+O83 -> 683676.5 | O83: 116 | S83: =+S68 -> 8 | U83: =O83/(H83*60*S83)*100000 -> 90.85213
H84: 330 | I84: 314 | K84: ='14 ABRIL (MARTES)'!M84 -> 643494.5 | M84: =K84+O84 -> 643596.5 | O84: 102 | S84: 6 | U84: =O84/(H84*60*S84)*100000 -> 85.858586
H85: 320 | I85: 315 | K85: ='14 ABRIL (MARTES)'!M85 -> 621418.74 | M85: =K85+O85 -> 621525.74 | O85: 107 | S85: 6 | U85: =O85/(H85*60*S85)*100000 -> 92.881944
H86: 300 | I86: 316 | K86: ='14 ABRIL (MARTES)'!M86 -> 644455 | M86: =K86+O86 -> 644537 | O86: 82 | S86: =+S68 -> 8 | U86: =O86/(H86*60*S86)*100000 -> 56.944444
H87: 305 | I87: 317 | K87: ='14 ABRIL (MARTES)'!M87 -> 376680.2 | M87: =K87+O87 -> 376825.2 | O87: 145 | S87: =+S86 -> 8 | U87: =O87/(H87*60*S87)*100000 -> 99.043716
H88: 320 | I88: 318 | K88: ='14 ABRIL (MARTES)'!M88 -> 400792 | M88: =K88+O88 -> 400902 | O88: 110 | S88: =+S87 -> 8 | U88: =O88/(H88*60*S88)*100000 -> 71.614583
A89: ATADO RIZO | B89: 1 | H89: 381 | I89: 319 | K89: ='14 ABRIL (MARTES)'!M89 -> 405212 | M89: =K89+O89 -> 405362 | O89: 150 | S89: =+S88 -> 8 | U89: =O89/(H89*60*S89)*100000 -> 82.020997
H90: 340 | I90: 320 | K90: ='14 ABRIL (MARTES)'!M90 -> 388528.3 | M90: =K90+O90 -> 388642.3 | O90: 114 | S90: =+S89 -> 8 | U90: =O90/(H90*60*S90)*100000 -> 69.852941
U92: =AVERAGE(U69:U90) -> 82.513631
G94: Mínimo | H94: Máximo
A95: KARL | B95: TEMPERATURA | G95: =$G$31 -> 20 | H95: =$H$31 -> 29
A96: MAYER | B96: HUMEDAD | G96: =$G$32 -> 60 | H96: =$H$32 -> 75 | S96: MAQUINAS TRABAJANDO
K98: Marcador | M98: Marcador | O98: Marcas | S98: Horas | U98: Eficiencia
A99: Observaciones | B99: R | C99: P | D99: L | E99: tiempo | H99: vel | I99: telar | K99: Inicial | M99: Final
I100: 401
I101: 402
A107: SEGUNDO TURNO SEGUNDO TURNO SEGUNDO TURNO
A108: 2 TURNO | B108: HORARIO: | G108: 14:30-22:30 | K108: SUPERVISOR: | N108: FELIX REYES | R108: DIA: | S108: MIERCOLES | W108: FECHA: | Y108: 46127
A110: COMENTARIO DE PERSONAL
A114: F=FALTA, P=PERMISO, R=RETARDO, C=CASTIGO, I=INCAPACIDAD, V=VACACIONES, FL=FESTIVO LABORADO, FD=FESTIVO DESCANSADO, CL=CAMBIO DE LUGAR, B=BAJA, CT=CAMBIO DE TURNO
A116: Observaciones: | B116: 2.5 HRS T-202 FALLA MAYOR SISTEMA RIZADOR , 2 HRS T-208 CAMBIO DE RIZO PARA CAMBIO DE MODELO , 3 HRS T-214 PRUEBAS REF ELECTRICAS ,
G119: Mínimo | H119: Máximo
A120: JACQUARD | B120: TEMPERATURA | G120: =$G$31 -> 20 | H120: =$H$31 -> 29 | Q120: =AVERAGE(K120,M120,O120) -> #DIV/0! | V120: =AVERAGE(S125:S130) -> 7.6
A121: SULZER | B121: HUMEDAD | G121: =$G$32 -> 60 | H121: =$H$32 -> 75 | Q121: =AVERAGE(K121,M121,O121) -> #DIV/0! | S121: MAQUINAS TRABAJANDO | V121: =COUNT(S125:S130) -> 5
K123: Marcador | M123: Marcador | O123: Marcas | S123: Horas | U123: Eficiencia | W123: Temp.
A124: Observaciones | B124: R | C124: P | D124: L | E124: tiempo | H124: vel | I124: telar | K124: Inicial | M124: Final | S124: 8
H125: 280 | I125: 207 | K125: ='14 ABRIL (MARTES)'!M125 -> 487649.4 | M125: =K125+O125 -> 487738.4 | O125: 89 | S125: =+S124 -> 8 | U125: =O125/(H125*60*S125)*100000 -> 66.220238
H126: 300 | I126: 208 | K126: ='14 ABRIL (MARTES)'!M126 -> 549011.6 | M126: =K126+O126 -> 549092.6 | O126: 81 | S126: 6 | U126: =O126/(H126*60*S126)*100000 -> 75
H127: 300 | I127: 209 | K127: ='14 ABRIL (MARTES)'!M127 -> 525569.4 | M127: =K127+O127 -> 525680.4 | O127: 111 | S127: =+S124 -> 8 | U127: =O127/(H127*60*S127)*100000 -> 77.083333
H128: 290 | I128: 210 | K128: ='14 ABRIL (MARTES)'!M128 -> 603352 | M128: =K128+O128 -> 603471 | O128: 119 | S128: =+S127 -> 8 | U128: =O128/(H128*60*S128)*100000 -> 85.488506
H129: 290 | I129: 211 | K129: ='14 ABRIL (MARTES)'!M129 -> 649607 | M129: =K129+O129 -> 649730 | O129: 123 | S129: =+S128 -> 8 | U129: =O129/(H129*60*S129)*100000 -> 88.362069
U132: =AVERAGE(U125:U130) -> 78.430829 | W132: =AVERAGE(W125:W130) -> #DIV/0!
G134: Mínimo | H134: Máximo
A135: JACQUARD | B135: TEMPERATURA | G135: =$G$31 -> 20 | H135: =$H$31 -> 29 | Q135: =AVERAGE(K135,M135,O135) -> #DIV/0! | V135: =AVERAGE(S140:S148) -> 7.3888889
A136: SMIT | B136: HUMEDAD | G136: =$G$32 -> 60 | H136: =$H$32 -> 75 | Q136: =AVERAGE(K136,M136,O136) -> #DIV/0! | S136: MAQUINAS TRABAJANDO | V136: =COUNT(S140:S148) -> 9
K138: Marcador | M138: Marcador | O138: Marcas | S138: Horas | U138: Eficiencia | W138: Temp.
A139: Observaciones | B139: R | C139: P | D139: L | E139: tiempo | H139: vel | I139: telar | K139: Inicial | M139: Final | S139: 8
H140: 286 | I140: 201 | K140: ='14 ABRIL (MARTES)'!M140 -> 565607.3 | M140: =K140+O140 -> 565721.3 | O140: 114 | S140: =+S139 -> 8 | U140: =O140/(H140*60*S140)*100000 -> 83.041958
H141: 271 | I141: 202 | K141: ='14 ABRIL (MARTES)'!M141 -> 656324.2 | M141: =K141+O141 -> 656409.2 | O141: 85 | S141: 5.5 | U141: =O141/(H141*60*S141)*100000 -> 95.046405
